, serial, 1800000, 400000, 400000, 400000, 400000, 400000, 400000, 400000, 796765660, 796846531
Fri Mar 10 13:35:05 2023, 13.144242, serial, 1800000, 400000, 400000, 400000, 400000, 400000, 400000, 400000, 826114096, 972541699
Fri Mar 10 13:36:24 2023, 13.120463, serial, 1800000, 400000, 400000, 400000, 400000, 400000, 400000, 400000, 1118309454, 1259391612
Fri Mar 10 13:36:38 2023, 13.339990, serial, 1800000, 400000, 400000, 400000, 400000, 400000, 400000, 400000, 1262329776, 1404683781
Fri Mar 10 13:36:52 2023, 13.279998, serial, 1800000, 400000, 400000, 400000, 400000, 400000, 400000, 400000, 1408014339, 1545273143
Fri Mar 10 13:37:06 2023, 13.396832, serial, 1800000, 400000, 400000, 400000, 400000, 400000, 400000, 400000, 1548138981, 1687250380
Fri Mar 10 13:37:20 2023, 13.432262, serial, 1800000, 400000, 400000, 400000, 400000, 400000, 400000, 400000, 1690113898, 1831534007
Fri Mar 10 13:37:34 2023, 13.386712, serial, 1800000, 400000, 400000, 400000, 400000, 400000, 400000, 400000, 1835453614, 1971487506
Fri Mar 10 13:37:48 2023, 13.426968, serial, 1800000, 400000, 400000, 400000, 400000, 400000, 400000, 400000, 1974641246, 2117826121
Fri Mar 10 13:38:02 2023, 13.462748, serial, 1800000, 400000, 400000, 400000, 400000, 400000, 400000, 400000, 2120816225, 2261154550
Fri Mar 10 13:38:16 2023, 13.345785, serial, 1800000, 400000, 400000, 400000, 400000, 400000, 400000, 400000, 2264093935, 2402372634
Fri Mar 10 13:38:30 2023, 13.479207, serial, 1800000, 400000, 400000, 400000, 400000, 400000, 400000, 400000, 2405529181, 2546647472
Sat Mar 11 11:49:20 2023, 12.430284, serial, 1800000, 800000, 400000, 400000, 400000, 400000, 400000, 400000, 1088755757, 1247545451
Sat Mar 11 11:49:34 2023, 12.665282, serial, 1800000, 800000, 400000, 400000, 400000, 400000, 400000, 400000, 1250788484, 1399538958
Sat Mar 11 11:49:47 2023, 12.751567, serial, 1800000, 800000, 400000, 400000, 400000, 400000, 400000, 400000, 1402455516, 1553814320
Sat Mar 11 11:50:00 2023, 12.826772, serial, 1800000, 800000, 400000, 400000, 400000, 400000, 400000, 400000, 1556736310, 1703446750
Sat Mar 11 11:50:14 2023, 12.850431, serial, 1800000, 800000, 400000, 400000, 400000, 400000, 400000, 400000, 1706074611, 1850712730
Sat Mar 11 11:50:27 2023, 12.911768, serial, 1800000, 800000, 400000, 400000, 400000, 400000, 400000, 400000, 1854273085, 1997497755
Sat Mar 11 11:50:41 2023, 12.904005, serial, 1800000, 800000, 400000, 400000, 400000, 400000, 400000, 400000, 2000395879, 2142648567
Sat Mar 11 11:50:55 2023, 13.070610, serial, 1800000, 800000, 400000, 400000, 400000, 400000, 400000, 400000, 2145541870, 2293655810
Sat Mar 11 11:51:08 2023, 13.091007, serial, 1800000, 800000, 400000, 400000, 400000, 400000, 400000, 400000, 2295987530, 2440272805
Sat Mar 11 11:51:22 2023, 13.131878, serial, 1800000, 800000, 400000, 400000, 400000, 400000, 400000, 400000, 2442971956, 2587844449
Sat Mar 11 11:52:14 2023, 12.791430, serial, 1800000, 400000, 400000, 400000, 400000, 400000, 400000, 400000, 2634333588, 2785314524
Sat Mar 11 11:52:28 2023, 12.902778, serial, 1800000, 400000, 400000, 400000, 400000, 400000, 400000, 400000, 2787999881, 2937148975
Sat Mar 11 11:52:42 2023, 13.014651, serial, 1800000, 400000, 400000, 400000, 400000, 400000, 400000, 400000, 2939325361, 3085807346
Sat Mar 11 11:52:56 2023, 13.869054, serial, 1800000, 400000, 400000, 400000, 400000, 400000, 400000, 400000, 3089058376, 3253605379
Sat Mar 11 11:53:10 2023, 13.014892, serial, 1800000, 400000, 400000, 400000, 400000, 400000, 400000, 400000, 3256481348, 3398740322
Sat Mar 11 11:53:23 2023, 13.086427, serial, 1800000, 400000, 400000, 400000, 400000, 400000, 400000, 400000, 3401230306, 3543766562
Sat Mar 11 11:53:37 2023, 13.111196, serial, 1800000, 400000, 400000, 400000, 400000, 400000, 400000, 400000, 3546542983, 3687764790
Sat Mar 11 11:53:51 2023, 13.164145, serial, 1800000, 400000, 400000, 400000, 400000, 400000, 400000, 400000, 3690344007, 3835320686
Sat Mar 11 11:54:05 2023, 13.157987, serial, 1800000, 400000, 400000, 400000, 400000, 400000, 400000, 400000, 3838293518, 3983588190
Sat Mar 11 11:54:18 2023, 13.179340, serial, 1800000, 400000, 400000, 400000, 400000, 400000, 400000, 400000, 3986097766, 4128966968
Sat Mar 11 11:59:07 2023, 28.300738, serial, 1200000, 400000, 400000, 400000, 400000, 400000, 400000, 400000, 4341184748, 4406877634
Sat Mar 11 11:59:35 2023, 27.899808, serial, 1200000, 400000, 400000, 400000, 400000, 400000, 400000, 400000, 4408608220, 4475466142
Sat Mar 11 12:00:04 2023, 27.884244, serial, 1200000, 400000, 400000, 400000, 400000, 400000, 400000, 400000, 4477453747, 4543811365
Sat Mar 11 12:00:32 2023, 27.777960, serial, 1200000, 400000, 400000, 400000, 400000, 400000, 400000, 400000, 4545931782, 4612398348
Sat Mar 11 12:01:01 2023, 27.875493, serial, 1200000, 400000, 400000, 400000, 400000, 400000, 400000, 400000, 4614702663, 4681360635
Sat Mar 11 12:01:30 2023, 27.790603, serial, 1200000, 400000, 400000, 400000, 400000, 400000, 400000, 400000, 4683444980, 4749624559
Sat Mar 11 12:01:58 2023, 27.888278, serial, 1200000, 400000, 400000, 400000, 400000, 400000, 400000, 400000, 4751463605, 4818190790
Sat Mar 11 12:02:28 2023, 29.261948, serial, 1200000, 400000, 400000, 400000, 400000, 400000, 400000, 400000, 4820065724, 4897611363
Sat Mar 11 12:02:58 2023, 29.385141, serial, 1200000, 400000, 400000, 400000, 400000, 400000, 400000, 400000, 4899545989, 4969607517
Sat Mar 11 12:03:28 2023, 28.521105, serial, 1200000, 400000, 400000, 400000, 400000, 400000, 400000, 400000, 4971902616, 5039501259
Sat Mar 11 12:04:18 2023, 12.947177, serial, 1800000, 1200000, 400000, 400000, 400000, 400000, 400000, 400000, 5080833245, 5228363263
Sat Mar 11 12:04:31 2023, 12.996938, serial, 1800000, 1200000, 400000, 400000, 400000, 400000, 400000, 400000, 5231339574, 5375601716
Sat Mar 11 12:04:45 2023, 13.135741, serial, 1800000, 1200000, 400000, 400000, 400000, 400000, 400000, 400000, 5378803307, 5522058861
Sat Mar 11 12:04:59 2023, 13.149777, serial, 1800000, 1200000, 400000, 400000, 400000, 400000, 400000, 400000, 5525156631, 5669164014
Sat Mar 11 12:05:13 2023, 13.181141, serial, 1800000, 1200000, 400000, 400000, 400000, 400000, 400000, 400000, 5672168035, 5813150889
Sat Mar 11 12:05:26 2023, 13.226559, serial, 1800000, 1200000, 400000, 400000, 400000, 400000, 400000, 400000, 5816901856, 5956819040
Sat Mar 11 12:05:40 2023, 13.229281, serial, 1800000, 1200000, 400000, 400000, 400000, 400000, 400000, 400000, 5960027894, 6103044800
Sat Mar 11 12:05:54 2023, 13.264285, serial, 1800000, 1200000, 400000, 400000, 400000, 400000, 400000, 400000, 6106296623, 6248800470
Sat Mar 11 12:06:08 2023, 13.289147, serial, 1800000, 1200000, 400000, 400000, 400000, 400000, 400000, 400000, 6252618575, 6394451342
Sat Mar 11 12:06:22 2023, 13.278936, serial, 1800000, 1200000, 400000, 400000, 400000, 400000, 400000, 400000, 6397491129, 6537325671
Sat Mar 11 12:19:33 2023, 12.674948, serial, 1800000, 1000000, 400000, 400000, 400000, 400000, 400000, 400000, 7043697483, 7193366106
Sat Mar 11 12:19:46 2023, 12.906790, serial, 1800000, 1000000, 400000, 400000, 400000, 400000, 400000, 400000, 7196073680, 7343429748
Sat Mar 11 12:20:00 2023, 12.987550, serial, 1800000, 1000000, 400000, 400000, 400000, 400000, 400000, 400000, 7346576346, 7493113813
Sat Mar 11 12:20:13 2023, 13.107325, serial, 1800000, 1000000, 400000, 400000, 400000, 400000, 400000, 400000, 7495823523, 7642559292
Sat Mar 11 12:20:27 2023, 13.111386, serial, 1800000, 1000000, 400000, 400000, 400000, 400000, 400000, 400000, 7646226031, 7789321245
Sat Mar 11 12:20:41 2023, 13.147097, serial, 1800000, 1000000, 400000, 400000, 400000, 400000, 400000, 400000, 7792263865, 7936030220
Sat Mar 11 12:20:55 2023, 13.165389, serial, 1800000, 1000000, 400000, 400000, 400000, 400000, 400000, 400000, 7939752806, 8083330380
Sat Mar 11 12:21:09 2023, 13.092268, serial, 1800000, 1000000, 400000, 400000, 400000, 400000, 400000, 400000, 8085510795, 8225987974
Sat Mar 11 12:21:22 2023, 13.160244, serial, 1800000, 1000000, 400000, 400000, 400000, 400000, 400000, 400000, 8229152334, 8370672052
Sat Mar 11 12:21:36 2023, 13.218240, serial, 1800000, 1000000, 400000, 400000, 400000, 400000, 400000, 400000, 8373803453, 8515782398
Sat Mar 11 12:43:42 2023, 12.604139, serial, 1800000, 400000, 400000, 400000, 400000, 400000, 400000, 400000, 9404100315, 9554899550
Sat Mar 11 12:43:55 2023, 12.855009, serial, 1800000, 400000, 400000, 400000, 400000, 400000, 400000, 400000, 9557532539, 9705372615
Sat Mar 11 12:44:09 2023, 13.016435, serial, 1800000, 400000, 400000, 400000, 400000, 400000, 400000, 400000, 9708043018, 9851579577
Sat Mar 11 12:44:22 2023, 13.092332, serial, 1800000, 400000, 400000, 400000, 400000, 400000, 400000, 400000, 9854469584, 9999246618
Sat Mar 11 12:44:36 2023, 13.119698, serial, 1800000, 400000, 400000, 400000, 400000, 400000, 400000, 400000, 10001450470, 10142982456
Sat Mar 11 12:44:50 2023, 13.129156, serial, 1800000, 400000, 400000, 400000, 400000, 400000, 400000, 400000, 10146063320, 10289204860
Sat Mar 11 12:45:03 2023, 13.141493, serial, 1800000, 400000, 400000, 400000, 400000, 400000, 400000, 400000, 10291628194, 10431150969
Sat Mar 11 12:45:17 2023, 13.173941, serial, 1800000, 400000, 400000, 400000, 400000, 400000, 400000, 400000, 10434180319, 10575248928
Sat Mar 11 12:45:31 2023, 13.181423, serial, 1800000, 400000, 400000, 400000, 400000, 400000, 400000, 400000, 10578295368, 10720503500
Sat Mar 11 12:45:45 2023, 13.238730, serial, 1800000, 400000, 400000, 400000, 400000, 400000, 400000, 400000, 10723995373, 10865891616
Sat Mar 11 12:47:47 2023, 11.877402, defaultserial, 1800000, 1800000, 1800000, 1800000, 1800000, 1800000, 1800000, 1800000, 10952332679, 11121061678
Sat Mar 11 12:48:00 2023, 13.127496, defaultserial, 1800000, 1800000, 1800000, 1800000, 1800000, 1800000, 1800000, 1800000, 11123852565, 11268477866
Sat Mar 11 12:48:13 2023, 12.129138, defaultserial, 1800000, 1800000, 1800000, 1800000, 1800000, 1800000, 1800000, 1800000, 11270697526, 11433896937
Sat Mar 11 12:48:25 2023, 12.140733, defaultserial, 1800000, 1800000, 1800000, 1800000, 1800000, 1800000, 1800000, 1800000, 11435996419, 11596071510
Sat Mar 11 12:48:39 2023, 13.292776, defaultserial, 1800000, 1800000, 1800000, 1800000, 1800000, 1800000, 1800000, 1800000, 11598034701, 11739891027
Sat Mar 11 12:48:53 2023, 13.354764, defaultserial, 1800000, 1800000, 1800000, 1800000, 1800000, 1800000, 1800000, 1800000, 11742374724, 11883617466
Sat Mar 11 12:49:06 2023, 13.323011, defaultserial, 1800000, 1800000, 1800000, 1800000, 1800000, 1800000, 1800000, 1800000, 11886017545, 12028117828
Sat Mar 11 12:49:19 2023, 12.207099, defaultserial, 1800000, 1800000, 1800000, 1800000, 1800000, 1800000, 1800000, 1800000, 12030507043, 12192753027
Sat Mar 11 12:49:31 2023, 12.249348, defaultserial, 1800000, 1800000, 1800000, 1800000, 1800000, 1800000, 1800000, 1800000, 12194986786, 12350052795
Sat Mar 11 12:49:44 2023, 12.307553, defaultserial, 1800000, 1800000, 1800000, 1800000, 1800000, 1800000, 1800000, 1800000, 12352500176, 12515308292
Sat Mar 11 12:50:26 2023, 12.261203, defaultserial, 500000, 400000, 400000, 600000, 500000, 400000, 500000, 400000, 12546246690, 12716174843
Sat Mar 11 12:50:39 2023, 13.351253, defaultserial, 1800000, 400000, 400000, 400000, 500000, 1700000, 500000, 1200000, 12717215612, 12857039046
Sat Mar 11 12:50:52 2023, 12.216350, defaultserial, 600000, 400000, 600000, 400000, 500000, 400000, 1500000, 1800000, 12858225505, 13017529052
Sat Mar 11 12:51:05 2023, 13.344531, defaultserial, 1000000, 500000, 500000, 400000, 400000, 500000, 800000, 400000, 13018317319, 13162239864
Sat Mar 11 12:51:18 2023, 12.259803, defaultserial, 1000000, 500000, 600000, 400000, 1800000, 500000, 1000000, 600000, 13163310845, 13323697580
Sat Mar 11 12:51:31 2023, 12.294952, defaultserial, 1100000, 500000, 500000, 600000, 700000, 600000, 600000, 600000, 13324540718, 13486754780
Sat Mar 11 12:51:44 2023, 13.540144, defaultserial, 1000000, 1400000, 400000, 1400000, 400000, 400000, 400000, 500000, 13487688493, 13627259913
Sat Mar 11 12:51:58 2023, 13.428491, defaultserial, 1100000, 700000, 400000, 1700000, 400000, 400000, 600000, 600000, 13628394249, 13766610326
Sat Mar 11 12:52:10 2023, 12.280347, defaultserial, 400000, 500000, 400000, 400000, 700000, 600000, 400000, 500000, 13767817659, 13929127488
Sat Mar 11 12:52:24 2023, 12.874091, defaultserial, 400000, 400000, 1000000, 400000, 600000, 500000, 400000, 600000, 13930432294, 14079683072
Sat Mar 11 13:36:41 2023, 12.747050, serial, 1800000, 400000, 400000, 400000, 400000, 400000, 400000, 400000, 15415803369, 15568042848
Sat Mar 11 13:38:21 2023, 12.866462, serial, 1800000, 400000, 400000, 400000, 400000, 400000, 400000, 400000, 15752956681, 15906065481
Sat Mar 11 13:59:50 2023, 12.127364, defaultserial, 400000, 1800000, 400000, 400000, 400000, 400000, 400000, 400000, 16711215031, 16881646724
Sat Mar 11 14:00:03 2023, 12.502804, defaultserial, 400000, 400000, 1700000, 400000, 400000, 400000, 400000, 400000, 16883615041, 17040546036
Sat Mar 11 14:00:16 2023, 12.186711, defaultserial, 400000, 400000, 400000, 1700000, 400000, 400000, 400000, 400000, 17042039502, 17211399603
Sat Mar 11 14:00:29 2023, 12.262965, defaultserial, 400000, 400000, 400000, 400000, 400000, 400000, 400000, 1300000, 17213347718, 17376240306
Sat Mar 11 14:00:42 2023, 12.231596, defaultserial, 400000, 400000, 400000, 400000, 400000, 400000, 400000, 1400000, 17377930182, 17536533231
Sat Mar 11 14:00:55 2023, 12.803904, defaultserial, 400000, 400000, 1800000, 400000, 400000, 400000, 400000, 400000, 17538612327, 17690015687
Sat Mar 11 14:01:08 2023, 12.283658, defaultserial, 400000, 400000, 400000, 1700000, 400000, 400000, 400000, 400000, 17692113216, 17853056590
Sat Mar 11 14:01:21 2023, 12.426241, defaultserial, 400000, 400000, 400000, 400000, 400000, 400000, 400000, 1200000, 17854719672, 18015963766
Sat Mar 11 14:01:35 2023, 13.496649, defaultserial, 1800000, 400000, 400000, 400000, 400000, 400000, 400000, 400000, 18017460344, 18151786966
Sat Mar 11 14:01:49 2023, 12.900232, defaultserial, 400000, 400000, 400000, 400000, 400000, 400000, 1300000, 400000, 18153605321, 18306081310
Sat Mar 11 15:37:21 2023, 249.858245, parallel, 1200000, 1800000, 1700000, 1200000, 1000000, 400000, 400000, 400000, 21450920305, 22041060334
Sat Mar 11 15:38:00 2023, 307.223864, parallel, 1400000, 500000, 1800000, 1800000, 700000, 1000000, 400000, 400000, 22042919522, 22515579383
Sat Mar 11 15:38:40 2023, 306.046301, parallel, 1800000, 1000000, 1700000, 400000, 400000, 400000, 400000, 1000000, 22517266208, 22978556470
Sat Mar 11 15:39:19 2023, 305.166469, parallel, 800000, 400000, 1700000, 1700000, 1500000, 600000, 600000, 400000, 22980621406, 23447380465
Sat Mar 11 15:39:58 2023, 306.400663, parallel, 500000, 1800000, 1700000, 1700000, 1700000, 400000, 400000, 400000, 23449427396, 23920903667
Sat Mar 11 15:40:38 2023, 308.436476, parallel, 1800000, 500000, 1000000, 1700000, 400000, 1400000, 400000, 400000, 23922703894, 24392698296
Sat Mar 11 15:41:13 2023, 274.232905, parallel, 1800000, 1200000, 700000, 600000, 1400000, 1000000, 1000000, 400000, 24394570667, 24934855417
Sat Mar 11 15:41:47 2023, 265.055840, parallel, 1500000, 1100000, 1800000, 1800000, 1000000, 800000, 400000, 500000, 24936640996, 25482757456
Sat Mar 11 15:42:22 2023, 272.107358, parallel, 1800000, 600000, 400000, 400000, 1400000, 400000, 400000, 1200000, 25485251285, 26033367436
Sat Mar 11 15:42:57 2023, 269.743701, parallel, 1700000, 400000, 800000, 1800000, 1700000, 1000000, 400000, 400000, 26035315734, 26568479530
Sat Mar 11 16:22:05 2023, 472.404298, parallel, 400000, 400000, 400000, 400000, 400000, 400000, 400000, 400000, 27661091235, 28029485556
Sat Mar 11 16:23:05 2023, 460.734352, parallel, 400000, 400000, 400000, 400000, 400000, 400000, 400000, 400000, 28030771319, 28402781658
Sat Mar 11 16:24:07 2023, 491.289754, parallel, 400000, 400000, 400000, 400000, 400000, 400000, 400000, 400000, 28404056008, 28775679691
Sat Mar 11 16:25:09 2023, 488.414576, parallel, 400000, 400000, 400000, 400000, 400000, 400000, 400000, 400000, 28777035461, 29151545550
Sat Mar 11 16:26:10 2023, 479.121154, parallel, 400000, 400000, 400000, 400000, 400000, 400000, 400000, 400000, 29152898207, 29524183878
Sat Mar 11 16:27:12 2023, 486.360793, parallel, 400000, 400000, 400000, 400000, 400000, 400000, 400000, 400000, 29525418311, 29903119981
Sat Mar 11 16:28:13 2023, 480.434911, parallel, 400000, 400000, 400000, 400000, 400000, 400000, 400000, 400000, 29904463727, 30276528998
Sat Mar 11 16:29:14 2023, 475.570717, parallel, 400000, 400000, 400000, 400000, 400000, 400000, 400000, 400000, 30278392091, 30652757527
Sat Mar 11 16:30:16 2023, 486.432154, parallel, 400000, 400000, 400000, 400000, 400000, 400000, 400000, 400000, 30653949174, 31024618513
Sat Mar 11 16:31:18 2023, 492.514799, parallel, 400000, 400000, 400000, 400000, 400000, 400000, 400000, 400000, 31025867411, 31394139540
Sun Mar 12 13:49:46 2023, 235.995806, parallel, 1400000, 1000000, 1200000, 1800000, 1500000, 400000, 700000, 500000, 415270543, 1042532609
Sun Mar 12 13:50:18 2023, 247.861576, parallel, 1700000, 1800000, 1800000, 1700000, 1400000, 600000, 1200000, 1500000, 1044530407, 1631723605
Sun Mar 12 13:50:51 2023, 256.374393, parallel, 800000, 600000, 600000, 1800000, 1100000, 600000, 400000, 800000, 1633694731, 2209854511
Sun Mar 12 13:51:24 2023, 257.760035, parallel, 1700000, 1700000, 1800000, 1700000, 1700000, 400000, 1000000, 400000, 2212243970, 2785743173
Sun Mar 12 13:51:57 2023, 260.636636, parallel, 1500000, 1800000, 1800000, 1700000, 1300000, 400000, 700000, 1000000, 2787578984, 3356141249
Sun Mar 12 13:52:31 2023, 261.268918, parallel, 1400000, 1700000, 1800000, 1800000, 1700000, 800000, 700000, 400000, 3357813242, 3919932530
Sun Mar 12 13:53:05 2023, 263.103617, parallel, 1700000, 1800000, 1700000, 1700000, 400000, 1800000, 1000000, 800000, 3922332366, 4478230784
Sun Mar 12 13:53:39 2023, 263.827573, parallel, 1000000, 1400000, 1800000, 1700000, 1800000, 400000, 400000, 400000, 4480419377, 5032081295
Sun Mar 12 13:54:13 2023, 264.691775, parallel, 1000000, 1800000, 1800000, 1700000, 1700000, 500000, 600000, 500000, 5034409353, 5594296652
Sun Mar 12 13:54:47 2023, 266.852536, parallel, 800000, 1800000, 1700000, 1700000, 1800000, 400000, 1500000, 1400000, 5596587479, 6153873467
Sun Mar 12 17:56:44 2023, 12.282402, serial, 1800000, 400000, 400000, 400000, 400000, 400000, 400000, 400000, 173312605, 326153217
Sun Mar 12 17:57:35 2023, 12.495927, serial, 1800000, 400000, 400000, 400000, 400000, 400000, 400000, 400000, 402170051, 556031474
Sun Mar 12 17:58:56 2023, 12.715592, serial, 1800000, 400000, 400000, 400000, 400000, 400000, 400000, 400000, 635184775, 788955682
Sun Mar 12 18:05:49 2023, 468.168559, parallel, 400000, 400000, 400000, 400000, 400000, 400000, 400000, 400000, 1233961501, 1604668621
Sun Mar 12 18:06:48 2023, 457.851698, parallel, 400000, 400000, 400000, 400000, 400000, 400000, 400000, 400000, 1606020790, 1981379693
Sun Mar 12 18:07:46 2023, 460.234854, parallel, 400000, 400000, 400000, 400000, 400000, 400000, 400000, 400000, 1982740163, 2356360239
Sun Mar 12 18:08:45 2023, 460.234375, parallel, 400000, 400000, 400000, 400000, 400000, 400000, 400000, 400000, 2357658087, 2728950350
Sun Mar 12 18:09:44 2023, 459.144282, parallel, 400000, 400000, 400000, 400000, 400000, 400000, 400000, 400000, 2730256804, 3103717640
Sun Mar 12 18:10:47 2023, 478.137040, parallel, 400000, 400000, 400000, 400000, 400000, 400000, 400000, 400000, 3105190353, 3501935493
Sun Mar 12 18:11:46 2023, 459.588498, parallel, 400000, 400000, 400000, 400000, 400000, 400000, 400000, 400000, 3503322818, 3873301729
Sun Mar 12 18:12:44 2023, 457.622193, parallel, 400000, 400000, 400000, 400000, 400000, 400000, 400000, 400000, 3874656950, 4249965438
Sun Mar 12 18:13:43 2023, 458.229785, parallel, 400000, 400000, 400000, 400000, 400000, 400000, 400000, 400000, 4251499858, 4619234512
Sun Mar 12 18:14:41 2023, 457.586293, parallel, 400000, 400000, 400000, 400000, 400000, 400000, 400000, 400000, 4620544201, 4995618802
Sun Mar 12 18:55:49 2023, 246.480937, parallel, 1800000, 1800000, 1800000, 1800000, 1800000, 1800000, 1800000, 1800000, 310071044, 891108131
Sun Mar 12 18:56:23 2023, 261.627963, parallel, 1800000, 1800000, 1800000, 1800000, 1800000, 1800000, 1800000, 1800000, 894518339, 1449193311
Sun Mar 12 18:56:57 2023, 268.341590, parallel, 1800000, 1800000, 1800000, 1800000, 1800000, 1800000, 1800000, 1800000, 1452450810, 1994207236
Sun Mar 12 18:57:32 2023, 272.048840, parallel, 1800000, 1800000, 1800000, 1800000, 1800000, 1800000, 1800000, 1800000, 1997601575, 2533075241
Sun Mar 12 18:58:07 2023, 273.586235, parallel, 1800000, 1800000, 1800000, 1800000, 1800000, 1800000, 1800000, 1800000, 2535749184, 3065788172
Sun Mar 12 18:58:42 2023, 273.644975, parallel, 1800000, 1800000, 1800000, 1800000, 1800000, 1800000, 1800000, 1800000, 3069424088, 3588422881
Sun Mar 12 18:59:17 2023, 278.010832, parallel, 1800000, 1800000, 1800000, 1800000, 1800000, 1800000, 1800000, 1800000, 3591854269, 4115027368
Sun Mar 12 18:59:53 2023, 279.801762, parallel, 1800000, 1800000, 1800000, 1800000, 1800000, 1800000, 1800000, 1800000, 4117958269, 4641963946
Sun Mar 12 19:00:29 2023, 282.450676, parallel, 1800000, 1800000, 1800000, 1800000, 1800000, 1800000, 1800000, 1800000, 4645268686, 5177016715
Sun Mar 12 19:01:05 2023, 283.155806, parallel, 1800000, 1800000, 1800000, 1800000, 1800000, 1800000, 1800000, 1800000, 5179791305, 5698412780
Mon Mar 13 14:16:41 2023, 12.481568, serial, 1800000, 400000, 400000, 400000, 400000, 400000, 400000, 400000, 768074388, 921631429
Mon Mar 13 14:17:49 2023, 12.587201, serial, 1800000, 400000, 400000, 400000, 400000, 400000, 400000, 400000, 981406117, 1133451199
Wed Mar 22 16:46:37 2023, 13.420886, serial, 400000, 400000, 400000, 400000, 400000, 400000, 400000, 400000, ,
Wed Mar 22 16:48:33 2023, 13.446044, serial, 1800000, 400000, 400000, 400000, 400000, 400000, 400000, 400000, 1353704176, 1504998710
Wed Mar 22 22:38:45 2023, 16.564636, serial,, 65613695065, 66355901661
Wed Mar 22 22:44:10 2023, 46.309462, serial, 1200000, 1200000, 1200000, 1200000, 1200000, 1200000, 1200000, 1200000, 1200000, 1200000, 1200000, 1200000, 1200000, 1200000, 1200000, 1200000, 1200000, 1200000, 1200000, 1200000, 1200000, 1200000, 1200000, 1200000, 258514872807, 259379470752
Wed Mar 22 22:49:14 2023, 46.309891, serial, 1200000, 1200000, 1200000, 1200000, 1200000, 1200000, 1200000, 1200000, 1200000, 1200000, 1200000, 1200000, 1200000, 1200000, 1200000, 1200000, 1200000, 1200000, 1200000, 1200000, 1200000, 1200000, 1200000, 1200000, 218540273, 1080805887
Wed Mar 22 22:56:09 2023, 46.310995, serial, 1200000, 1200000, 1200000, 1200000, 1200000, 1200000, 1200000, 1200000, 1200000, 1200000, 1200000, 1200000, 1200000, 1200000, 1200000, 1200000, 1200000, 1200000, 1200000, 1200000, 1200000, 1200000, 1200000, 1200000, 5285520892, 6150498109
Wed Mar 22 23:00:51 2023, 20.754202, serial, 2500000, 1200000, 1200000, 1200000, 1200000, 1200000, 1200000, 1200000, 1200000, 1200000, 1200000, 1200000, 1200000, 1200000, 1200000, 1200000, 1200000, 1200000, 1200000, 1200000, 1200000, 1200000, 1200000, 1200000, 9105470342, 9512727051
Wed Mar 22 23:02:25 2023, 20.743105, serial, 2500000, 1200000, 1200000, 1200000, 1200000, 1200000, 1200000, 1200000, 1200000, 1200000, 1200000, 1200000, 1200000, 1200000, 1200000, 1200000, 1200000, 1200000, 1200000, 1200000, 1200000, 1200000, 1200000, 1200000, 10360717739, 10766284388
Wed Mar 22 23:03:34 2023, 20.735408, serial, 2500000, 1200000, 1200000, 1200000, 1200000, 1200000, 1200000, 1200000, 1200000, 1200000, 1200000, 1200000, 1200000, 1200000, 1200000, 1200000, 1200000, 1200000, 1200000, 1200000, 1200000, 1200000, 1200000, 1200000, 11329789049, 11738205606
Wed Mar 22 23:04:19 2023, 20.738496, serial, 2500000, 1200000, 1200000, 1200000, 1200000, 1200000, 1200000, 1200000, 1200000, 1200000, 1200000, 1200000, 1200000, 1200000, 1200000, 1200000, 1200000, 1200000, 1200000, 1200000, 1200000, 1200000, 1200000, 1200000, 12031403952, 12438543047
Wed Mar 22 23:05:40 2023, 20.750550, serial, 2500000, 1200000, 1200000, 1200000, 1200000, 1200000, 1200000, 1200000, 1200000, 1200000, 1200000, 1200000, 1200000, 1200000, 1200000, 1200000, 1200000, 1200000, 1200000, 1200000, 1200000, 1200000, 1200000, 1200000, 13142983504, 13549392681
Wed Mar 22 23:11:23 2023, 21.027167, defaultserial, 1200000, 1200000, 1200000, 1200000, 1200000, 1200000, 1200000, 1200000, 1200000, 1200000, 1200000, 1200000, 1200000, 1200000, 1200000, 1200000, 1200000, 1200000, 1200000, 1200000, 1200000, 1200000, 1200000, 1200000, 17213905334, 17658399374
Wed Mar 22 23:11:52 2023, 20.909688, defaultserial, 1200000, 1200000, 1200000, 1200000, 1200000, 1200000, 1200000, 1200000, 1200000, 1200000, 1200000, 1200000, 1200000, 1200000, 1200000, 1200000, 1200000, 1200000, 1200000, 1200000, 1200000, 1200000, 1200000, 1200000, 17756753797, 18168310727
Wed Mar 22 23:12:24 2023, 20.919532, defaultserial, 1200000, 1200000, 1200000, 1200000, 1200000, 1200000, 1200000, 1200000, 1200000, 1200000, 1200000, 1200000, 1200000, 1200000, 1200000, 1200000, 1200000, 1200000, 1200000, 1200000, 1200000, 1200000, 1200000, 1200000, 18303750017, 18716992916
Wed Mar 22 23:12:50 2023, 20.894511, defaultserial, 1200000, 1200000, 1200000, 1200000, 1200000, 1200000, 1200000, 1200000, 1200000, 1200000, 1200000, 1200000, 1200000, 1200000, 1200000, 1200000, 1200000, 1200000, 1200000, 1200000, 1200000, 1200000, 1200000, 1200000, 18793238998, 19517923544
Wed Mar 22 23:13:18 2023, 20.906299, defaultserial, 1200000, 1200000, 1200000, 1200000, 1200000, 1200000, 1200000, 1200000, 1200000, 1200000, 1200000, 1200000, 1200000, 1200000, 1200000, 1200000, 1200000, 1200000, 1200000, 1200000, 1200000, 1200000, 1200000, 1200000, 19611897486, 20349961819
Thu Mar 23 10:50:59 2023, 20.742111, serial, 2500000, 1200000, 1200000, 1200000, 1200000, 1200000, 1200000, 1200000, 1200000, 1200000, 1200000, 1200000, 1200000, 1200000, 1200000, 1200000, 1200000, 1200000, 1200000, 1200000, 1200000, 1200000, 1200000, 1200000, 228975463992, 229384217950
Thu Mar 23 10:51:24 2023, 20.755603, serial, 2500000, 1200000, 1200000, 1200000, 1200000, 1200000, 1200000, 1200000, 1200000, 1200000, 1200000, 1200000, 1200000, 1200000, 1200000, 1200000, 1200000, 1200000, 1200000, 1200000, 1200000, 1200000, 1200000, 1200000, 229464740815, 229875567034
Thu Mar 23 10:51:50 2023, 20.743060, serial, 2500000, 1200000, 1200000, 1200000, 1200000, 1200000, 1200000, 1200000, 1200000, 1200000, 1200000, 1200000, 1200000, 1200000, 1200000, 1200000, 1200000, 1200000, 1200000, 1200000, 1200000, 1200000, 1200000, 1200000, 229948219558, 230358180301
Thu Mar 23 10:52:25 2023, 20.751353, serial, 2500000, 1200000, 1200000, 1200000, 1200000, 1200000, 1200000, 1200000, 1200000, 1200000, 1200000, 1200000, 1200000, 1200000, 1200000, 1200000, 1200000, 1200000, 1200000, 1200000, 1200000, 1200000, 1200000, 1200000, 230546168589, 230957582880
Thu Mar 23 10:52:53 2023, 20.830045, defaultserial, 1200000, 1200000, 1200000, 1200000, 1200000, 1200000, 1200000, 1200000, 1200000, 1200000, 1200000, 1200000, 1200000, 1200000, 1200000, 1200000, 1200000, 1200000, 1200000, 1200000, 1200000, 1200000, 1200000, 1200000, 231063029509, 231795248643
Thu Mar 23 10:53:17 2023, 20.836266, defaultserial, 1200000, 1200000, 1200000, 1200000, 1200000, 1200000, 1200000, 1200000, 1200000, 1200000, 1200000, 1200000, 1200000, 1200000, 1200000, 1200000, 1200000, 1200000, 1200000, 1200000, 1200000, 1200000, 1200000, 1200000, 231845362040, 232580432302
Thu Mar 23 10:53:46 2023, 20.811937, defaultserial, 1200000, 1200000, 1200000, 1200000, 1200000, 1200000, 1200000, 1200000, 1200000, 1200000, 1200000, 1200000, 1200000, 1200000, 1200000, 1200000, 1200000, 1200000, 1200000, 1200000, 1200000, 1200000, 1200000, 1200000, 232692567757, 233430073071
Thu Mar 23 10:54:20 2023, 20.839180, defaultserial, 1200000, 1200000, 1200000, 1200000, 1200000, 1200000, 1200000, 1200000, 1200000, 1200000, 1200000, 1200000, 1200000, 1200000, 1200000, 1200000, 1200000, 1200000, 1200000, 1200000, 1200000, 1200000, 1200000, 1200000, 233590322600, 234329586821
Thu Mar 23 10:54:43 2023, 20.853503, defaultserial, 1200000, 1200000, 1200000, 1200000, 1200000, 1200000, 1200000, 1200000, 1200000, 1200000, 1200000, 1200000, 1200000, 1200000, 1200000, 1200000, 1200000, 1200000, 1200000, 1200000, 1200000, 1200000, 1200000, 1200000, 234371539045, 235116717923
Fri Mar 31 11:13:07 2023, 20.922281, defaultserial, 1200000, 1200000, 1200000, 1200000, 1200000, 1200000, 1200000, 1200000, 1200000, 1200000, 1200000, 1200000, 1200000, 1200000, 1200000, 1200000, 1200000, 1200000, 1200000, 1200000, 1200000, 1200000, 1200000, 1200000, 180727063887, 181452668353
Fri Mar 31 11:13:28 2023, 20.869876, defaultserial, 1200000, 1200000, 1200000, 1200000, 1200000, 1200000, 1200000, 1200000, 1200000, 1200000, 1200000, 1200000, 1200000, 1200000, 1200000, 1200000, 1200000, 1200000, 1200000, 1200000, 1200000, 1200000, 1200000, 1200000, 181471005647, 182204549729
Fri Mar 31 11:13:50 2023, 20.764715, defaultserial, 1200000, 1200000, 1200000, 1200000, 1200000, 1200000, 1200000, 1200000, 1200000, 1200000, 1200000, 1200000, 1200000, 1200000, 1200000, 1200000, 1200000, 1200000, 1200000, 1200000, 1200000, 1200000, 1200000, 1200000, 182227630175, 182964983512
Fri Mar 31 11:14:12 2023, 20.926728, defaultserial, 1200000, 1200000, 1200000, 1200000, 1200000, 1200000, 1200000, 1200000, 1200000, 1200000, 1200000, 1200000, 1200000, 1200000, 1200000, 1200000, 1200000, 1200000, 1200000, 1200000, 1200000, 1200000, 1200000, 1200000, 182991695541, 183734368872
Fri Mar 31 11:14:33 2023, 20.878932, defaultserial, 1200000, 1200000, 1200000, 1200000, 1200000, 1200000, 1200000, 1200000, 1200000, 1200000, 1200000, 1200000, 1200000, 1200000, 1200000, 1200000, 1200000, 1200000, 1200000, 1200000, 1200000, 1200000, 1200000, 1200000, 183750938409, 184164230564
Fri Mar 31 11:14:55 2023, 20.904456, defaultserial, 1200000, 1200000, 1200000, 1200000, 1200000, 1200000, 1200000, 1200000, 1200000, 1200000, 1200000, 1200000, 1200000, 1200000, 1200000, 1200000, 1200000, 1200000, 1200000, 1200000, 1200000, 1200000, 1200000, 1200000, 184181203055, 184920855947
Fri Mar 31 11:15:17 2023, 20.869102, defaultserial, 1200000, 1200000, 1200000, 1200000, 1200000, 1200000, 1200000, 1200000, 1200000, 1200000, 1200000, 1200000, 1200000, 1200000, 1200000, 1200000, 1200000, 1200000, 1200000, 1200000, 1200000, 1200000, 1200000, 1200000, 184946797225, 185359490993
Fri Mar 31 11:15:39 2023, 20.901500, defaultserial, 1200000, 1200000, 1200000, 1200000, 1200000, 1200000, 1200000, 1200000, 1200000, 1200000, 1200000, 1200000, 1200000, 1200000, 1200000, 1200000, 1200000, 1200000, 1200000, 1200000, 1200000, 1200000, 1200000, 1200000, 185375354722, 186115282821
Fri Mar 31 11:16:01 2023, 20.924697, defaultserial, 1200000, 1200000, 1200000, 1200000, 1200000, 1200000, 1200000, 1200000, 1200000, 1200000, 1200000, 1200000, 1200000, 1200000, 1200000, 1200000, 1200000, 1200000, 1200000, 1200000, 1200000, 1200000, 1200000, 1200000, 186134387142, 186548903170
Fri Mar 31 11:16:23 2023, 20.851814, defaultserial, 1200000, 1200000, 1200000, 1200000, 1200000, 1200000, 1200000, 1200000, 1200000, 1200000, 1200000, 1200000, 1200000, 1200000, 1200000, 1200000, 1200000, 1200000, 1200000, 1200000, 1200000, 1200000, 1200000, 1200000, 186570346902, 187314744594
Fri Mar 31 11:23:46 2023, 20.743495, serial, 2500000, 1200000, 1200000, 1200000, 1200000, 1200000, 1200000, 1200000, 1200000, 1200000, 1200000, 1200000, 1200000, 1200000, 1200000, 1200000, 1200000, 1200000, 1200000, 1200000, 1200000, 1200000, 1200000, 1200000, 192242400314, 192651831211
Fri Mar 31 11:24:09 2023, 20.737905, serial, 2500000, 1200000, 1200000, 1200000, 1200000, 1200000, 1200000, 1200000, 1200000, 1200000, 1200000, 1200000, 1200000, 1200000, 1200000, 1200000, 1200000, 1200000, 1200000, 1200000, 1200000, 1200000, 1200000, 1200000, 192697584756, 193108045620
Fri Mar 31 11:24:32 2023, 20.740838, serial, 2500000, 1200000, 1200000, 1200000, 1200000, 1200000, 1200000, 1200000, 1200000, 1200000, 1200000, 1200000, 1200000, 1200000, 1200000, 1200000, 1200000, 1200000, 1200000, 1200000, 1200000, 1200000, 1200000, 1200000, 193154059662, 193564636980
Fri Mar 31 11:24:55 2023, 20.748010, serial, 2500000, 1200000, 1200000, 1200000, 1200000, 1200000, 1200000, 1200000, 1200000, 1200000, 1200000, 1200000, 1200000, 1200000, 1200000, 1200000, 1200000, 1200000, 1200000, 1200000, 1200000, 1200000, 1200000, 1200000, 193619091492, 194031075605
Fri Mar 31 11:25:18 2023, 20.734765, serial, 2500000, 1200000, 1200000, 1200000, 1200000, 1200000, 1200000, 1200000, 1200000, 1200000, 1200000, 1200000, 1200000, 1200000, 1200000, 1200000, 1200000, 1200000, 1200000, 1200000, 1200000, 1200000, 1200000, 1200000, 194076561634, 194486896765
Fri Mar 31 11:25:41 2023, 20.741585, serial, 2500000, 1200000, 1200000, 1200000, 1200000, 1200000, 1200000, 1200000, 1200000, 1200000, 1200000, 1200000, 1200000, 1200000, 1200000, 1200000, 1200000, 1200000, 1200000, 1200000, 1200000, 1200000, 1200000, 1200000, 194533237650, 194945318443
Fri Mar 31 11:26:04 2023, 20.745366, serial, 2500000, 1200000, 1200000, 1200000, 1200000, 1200000, 1200000, 1200000, 1200000, 1200000, 1200000, 1200000, 1200000, 1200000, 1200000, 1200000, 1200000, 1200000, 1200000, 1200000, 1200000, 1200000, 1200000, 1200000, 194998361886, 195409753228
Fri Mar 31 11:26:27 2023, 20.736986, serial, 2500000, 1200000, 1200000, 1200000, 1200000, 1200000, 1200000, 1200000, 1200000, 1200000, 1200000, 1200000, 1200000, 1200000, 1200000, 1200000, 1200000, 1200000, 1200000, 1200000, 1200000, 1200000, 1200000, 1200000, 195456293759, 195867928508
Fri Mar 31 11:26:50 2023, 20.760371, serial, 2500000, 1200000, 1200000, 1200000, 1200000, 1200000, 1200000, 1200000, 1200000, 1200000, 1200000, 1200000, 1200000, 1200000, 1200000, 1200000, 1200000, 1200000, 1200000, 1200000, 1200000, 1200000, 1200000, 1200000, 195914388167, 196325231109
Fri Mar 31 11:27:19 2023, 20.736921, serial, 2500000, 1200000, 1200000, 1200000, 1200000, 1200000, 1200000, 1200000, 1200000, 1200000, 1200000, 1200000, 1200000, 1200000, 1200000, 1200000, 1200000, 1200000, 1200000, 1200000, 1200000, 1200000, 1200000, 1200000, 196458251643, 196869203838
Sat Apr  1 15:10:17 2023, 20.810705, serial, 2000000, 2000000, 2000000, 2000000, 2000000, 2000000, 2000000, 2000000, 2000000, 2000000, 2000000, 1200000, 2000000, 1200000, 1200000, 1200000, 2000000, 2000000, 2000000, 2000000, 2000000, 2000000, 2000000, 2000000, 20158332366, 20569031632
Sat Apr  1 15:18:35 2023, 20.765083, serial, 2000000, 2000000, 2000000, 2000000, 2000000, 2000000, 2000000, 2000000, 2000000, 2000000, 2000000, 1200000, 2000000, 1200000, 1200000, 1200000, 2000000, 2000000, 2000000, 2000000, 2000000, 2000000, 2000000, 2000000, 26044507178, 26450608372
Sat Apr  1 15:19:05 2023, 20.797134, serial, 2000000, 2000000, 2000000, 2000000, 2000000, 2000000, 2000000, 2000000, 2000000, 2000000, 2000000, 1200000, 2000000, 1200000, 1200000, 1200000, 2000000, 2000000, 2000000, 2000000, 2000000, 2000000, 2000000, 2000000, 26584881283, 26994470322
Sat Apr  1 15:19:32 2023, 20.779183, serial, 2000000, 2000000, 2000000, 2000000, 2000000, 2000000, 2000000, 2000000, 2000000, 2000000, 2000000, 1200000, 2000000, 1200000, 1200000, 1200000, 2000000, 2000000, 2000000, 2000000, 2000000, 2000000, 2000000, 2000000, 27097170316, 27507997023
Sat Apr  1 15:20:39 2023, 20.793163, serial, 2000000, 2000000, 2000000, 2000000, 2000000, 2000000, 2000000, 2000000, 2000000, 2000000, 2000000, 1200000, 2000000, 1200000, 1200000, 1200000, 2000000, 2000000, 2000000, 2000000, 2000000, 2000000, 2000000, 2000000, 28074153410, 28485952710
Sat Apr  1 15:21:39 2023, 20.743511, serial, 2500000, 2500000, 2500000, 2500000, 2500000, 2500000, 2500000, 2500000, 2500000, 2500000, 2500000, 1200000, 2500000, 1200000, 1200000, 1200000, 2500000, 2500000, 2500000, 2500000, 2500000, 2500000, 2500000, 2500000, 28968563230, 29379707563
Sat Apr  1 15:22:13 2023, 20.754593, serial, 2500000, 2500000, 2500000, 2500000, 2500000, 2500000, 2500000, 2500000, 2500000, 2500000, 2500000, 1200000, 2500000, 1200000, 1200000, 1200000, 2500000, 2500000, 2500000, 2500000, 2500000, 2500000, 2500000, 2500000, 29554820457, 29966231086
Sat Apr  1 15:22:37 2023, 20.756780, serial, 2500000, 2500000, 2500000, 2500000, 2500000, 2500000, 2500000, 2500000, 2500000, 2500000, 2500000, 1200000, 2500000, 1200000, 1200000, 1200000, 2500000, 2500000, 2500000, 2500000, 2500000, 2500000, 2500000, 2500000, 30030329250, 30444607059
Sat Apr  1 15:23:01 2023, 20.730403, serial, 2500000, 2500000, 2500000, 2500000, 2500000, 2500000, 2500000, 2500000, 2500000, 2500000, 2500000, 1200000, 2500000, 1200000, 1200000, 1200000, 2500000, 2500000, 2500000, 2500000, 2500000, 2500000, 2500000, 2500000, 30505551117, 30916116838
Sat Apr  1 15:23:41 2023, 20.747370, serial, 2800000, 2800000, 2800000, 2800000, 2800000, 2800000, 2800000, 2800000, 2800000, 2800000, 2800000, 1200000, 2800000, 1200000, 1200000, 1200000, 2800000, 2800000, 2800000, 2800000, 2800000, 2800000, 2800000, 2800000, 31197171416, 31610642587
Sat Apr  1 15:24:44 2023, 20.735891, serial, 2800000, 2800000, 2800000, 2800000, 2800000, 2800000, 2800000, 2800000, 2800000, 2800000, 2800000, 1200000, 2800000, 1200000, 1200000, 1200000, 2800000, 2800000, 2800000, 2800000, 2800000, 2800000, 2800000, 2800000, 32137889345, 32551316631
, parallel, 1000000, 500000, 700000, 400000, 1800000, 1000000, 500000, 1500000, 9036077331, 9036200866
, parallel, 700000, 1100000, 500000, 600000, 500000, 400000, 500000, 400000, 9106346560, 9106468325
, parallel, 1700000, 1000000, 1800000, 1800000, 500000, 1500000, 700000, 500000, 9185170333, 9185360396
, parallel, 800000, 1100000, 500000, 400000, 1800000, 500000, 500000, 600000, 9402596290, 9402656837
, parallel, 500000, 600000, 600000, 500000, 1300000, 400000, 500000, 600000, 9520855265, 9520900370
Sat Apr  1 16:05:42 2023, 0.004857, parallel, 1800000, 1800000, 400000, 1100000, 1800000, 1300000, 500000, 1000000, 9564319997, 9564432485
Sat Apr  1 16:06:22 2023, 0.008533, parallel, 700000, 700000, 500000, 1800000, 400000, 1700000, 1700000, 700000, 9632582457, 9632652403
Sat Apr  1 16:07:45 2023, 0.011773, parallel, 1000000, 500000, 400000, 1000000, 500000, 500000, 600000, 1800000, 9781251632, 9781411238
Sat Apr  1 16:08:06 2023, 0.005561, parallel, 1400000, 500000, 500000, 500000, 800000, 500000, 1400000, 400000, 9820765447, 9820854131
Sat Apr  1 16:17:53 2023, 0.006131, parallel, 500000, 500000, 500000, 600000, 500000, 500000, 600000, 600000, 10625101766, 10625286519
Sat Apr  1 16:18:21 2023, 0.006559, parallel, 700000, 500000, 500000, 700000, 400000, 800000, 600000, 700000, 10673665851, 10673762347
Sun Apr  2 13:33:36 2023, 0.000002, ipdefaultparallel, 1200000, 1200000, 1200000, 1200000, 1200000, 1200000, 1200000, 1200000, 1200000, 1200000, 1200000, 1200000, 1200000, 1200000, 1200000, 1200000, 1200000, 1200000, 1200000, 1200000, 1200000, 1200000, 1200000, 1200000, 146949844388, 146950577174
Sun Apr  2 13:33:37 2023, 0.000002, ipdefaultparallel, 1200000, 1200000, 1200000, 1200000, 1200000, 1200000, 1200000, 1200000, 1200000, 1200000, 1200000, 1200000, 1200000, 1200000, 1200000, 1200000, 1200000, 1200000, 1200000, 1200000, 1200000, 1200000, 1200000, 1200000, 146967701825, 146968190349
Sun Apr  2 13:33:38 2023, 0.000002, ipdefaultparallel, 1200000, 1200000, 1200000, 1200000, 1200000, 1200000, 1200000, 1200000, 1200000, 1200000, 1200000, 1200000, 1200000, 1200000, 1200000, 1200000, 1200000, 1200000, 1200000, 1200000, 1200000, 1200000, 1200000, 1200000, 146985146361, 146985638120
Sun Apr  2 13:33:38 2023, 0.000001, ipdefaultparallel, 1200000, 1200000, 1200000, 1200000, 1200000, 1200000, 1200000, 1200000, 1200000, 1200000, 1200000, 1200000, 1200000, 1200000, 1200000, 1200000, 1200000, 1200000, 1200000, 1200000, 1200000, 1200000, 1200000, 1200000, 147002299820, 147002779860
Sun Apr  2 13:33:39 2023, 0.000001, ipdefaultparallel, 1200000, 1200000, 1200000, 1200000, 1200000, 1200000, 1200000, 1200000, 1200000, 1200000, 1200000, 1200000, 1200000, 1200000, 1200000, 1200000, 1200000, 1200000, 1200000, 1200000, 1200000, 1200000, 1200000, 1200000, 147018756626, 147019230624
Sun Apr  2 13:33:40 2023, 0.000002, ipdefaultparallel, 1200000, 1200000, 1200000, 1200000, 1200000, 1200000, 1200000, 1200000, 1200000, 1200000, 1200000, 1200000, 1200000, 1200000, 1200000, 1200000, 1200000, 1200000, 1200000, 1200000, 1200000, 1200000, 1200000, 1200000, 147035845999, 147036260488
Sun Apr  2 13:33:41 2023, 0.000001, ipdefaultparallel, 1200000, 1200000, 1200000, 1200000, 1200000, 1200000, 1200000, 1200000, 1200000, 1200000, 1200000, 1200000, 1200000, 1200000, 1200000, 1200000, 1200000, 1200000, 1200000, 1200000, 1200000, 1200000, 1200000, 1200000, 147053071968, 147053547064
Sun Apr  2 13:33:42 2023, 0.000001, ipdefaultparallel, 1200000, 1200000, 1200000, 1200000, 1200000, 1200000, 1200000, 1200000, 1200000, 1200000, 1200000, 1200000, 1200000, 1200000, 1200000, 1200000, 1200000, 1200000, 1200000, 1200000, 1200000, 1200000, 1200000, 1200000, 147070411645, 147070814842
Sun Apr  2 13:33:42 2023, 0.000001, ipdefaultparallel, 1200000, 1200000, 1200000, 1200000, 1200000, 1200000, 1200000, 1200000, 1200000, 1200000, 1200000, 1200000, 1200000, 1200000, 1200000, 1200000, 1200000, 1200000, 1200000, 1200000, 1200000, 1200000, 1200000, 1200000, 147087437908, 147087883707
Sun Apr  2 13:33:43 2023, 0.000002, ipdefaultparallel, 1200000, 1200000, 1200000, 1200000, 1200000, 1200000, 1200000, 1200000, 1200000, 1200000, 1200000, 1200000, 1200000, 1200000, 1200000, 1200000, 1200000, 1200000, 1200000, 1200000, 1200000, 1200000, 1200000, 1200000, 147104330321, 147104784360
Sun Apr  2 13:34:24 2023, 0.000001, serial, 2800000, 2800000, 2800000, 2800000, 2800000, 2800000, 2800000, 2800000, 2800000, 2800000, 2800000, 1200000, 2800000, 1200000, 1200000, 1200000, 2800000, 2800000, 2800000, 2800000, 2800000, 2800000, 2800000, 2800000, 147576447337, 147576857675
Sun Apr  2 13:34:26 2023, 0.000001, serial, 2800000, 2800000, 2800000, 2800000, 2800000, 2800000, 2800000, 2800000, 2800000, 2800000, 2800000, 1200000, 2800000, 1200000, 1200000, 1200000, 2800000, 2800000, 2800000, 2800000, 2800000, 2800000, 2800000, 2800000, 147616326691, 147616737822
Sun Apr  2 13:34:28 2023, 0.000001, serial, 2800000, 2800000, 2800000, 2800000, 2800000, 2800000, 2800000, 2800000, 2800000, 2800000, 2800000, 1200000, 2800000, 1200000, 1200000, 1200000, 2800000, 2800000, 2800000, 2800000, 2800000, 2800000, 2800000, 2800000, 147662537815, 147662973422
Sun Apr  2 13:34:30 2023, 0.000001, serial, 2800000, 2800000, 2800000, 2800000, 2800000, 2800000, 2800000, 2800000, 2800000, 2800000, 2800000, 1200000, 2800000, 1200000, 1200000, 1200000, 2800000, 2800000, 2800000, 2800000, 2800000, 2800000, 2800000, 2800000, 147705987350, 147706382429
Sun Apr  2 13:34:32 2023, 0.000001, serial, 2800000, 2800000, 2800000, 2800000, 2800000, 2800000, 2800000, 2800000, 2800000, 2800000, 2800000, 1200000, 2800000, 1200000, 1200000, 1200000, 2800000, 2800000, 2800000, 2800000, 2800000, 2800000, 2800000, 2800000, 147748956234, 147749386042
Sun Apr  2 13:34:34 2023, 0.000001, serial, 2800000, 2800000, 2800000, 2800000, 2800000, 2800000, 2800000, 2800000, 2800000, 2800000, 2800000, 1200000, 2800000, 1200000, 1200000, 1200000, 2800000, 2800000, 2800000, 2800000, 2800000, 2800000, 2800000, 2800000, 147792568061, 147793030218
Sun Apr  2 13:34:36 2023, 0.000002, serial, 2800000, 2800000, 2800000, 2800000, 2800000, 2800000, 2800000, 2800000, 2800000, 2800000, 2800000, 1200000, 2800000, 1200000, 1200000, 1200000, 2800000, 2800000, 2800000, 2800000, 2800000, 2800000, 2800000, 2800000, 147836083757, 147836525834
Sun Apr  2 13:34:38 2023, 0.000001, serial, 2800000, 2800000, 2800000, 2800000, 2800000, 2800000, 2800000, 2800000, 2800000, 2800000, 2800000, 1200000, 2800000, 1200000, 1200000, 1200000, 2800000, 2800000, 2800000, 2800000, 2800000, 2800000, 2800000, 2800000, 147878156037, 147878580170
Sun Apr  2 13:34:39 2023, 0.000001, serial, 2800000, 2800000, 2800000, 2800000, 2800000, 2800000, 2800000, 2800000, 2800000, 2800000, 2800000, 1200000, 2800000, 1200000, 1200000, 1200000, 2800000, 2800000, 2800000, 2800000, 2800000, 2800000, 2800000, 2800000, 147919958848, 147920356125
Sun Apr  2 13:34:41 2023, 0.000001, serial, 2800000, 2800000, 2800000, 2800000, 2800000, 2800000, 2800000, 2800000, 2800000, 2800000, 2800000, 1200000, 2800000, 1200000, 1200000, 1200000, 2800000, 2800000, 2800000, 2800000, 2800000, 2800000, 2800000, 2800000, 147961944885, 147962377624
Sun Apr  2 13:38:25 2023, 0.000001, serial, 2800000, 2800000, 2800000, 2800000, 2800000, 2800000, 2800000, 2800000, 2800000, 2800000, 2800000, 1200000, 2800000, 1200000, 1200000, 1200000, 2800000, 2800000, 2800000, 2800000, 2800000, 2800000, 2800000, 2800000, 150537768675, 150538203976
Sun Apr  2 13:38:26 2023, 0.000001, serial, 2800000, 2800000, 2800000, 2800000, 2800000, 2800000, 2800000, 2800000, 2800000, 2800000, 2800000, 1200000, 2800000, 1200000, 1200000, 1200000, 2800000, 2800000, 2800000, 2800000, 2800000, 2800000, 2800000, 2800000, 150578953628, 150579353651
Sun Apr  2 13:38:28 2023, 0.000002, serial, 2800000, 2800000, 2800000, 2800000, 2800000, 2800000, 2800000, 2800000, 2800000, 2800000, 2800000, 1200000, 2800000, 1200000, 1200000, 1200000, 2800000, 2800000, 2800000, 2800000, 2800000, 2800000, 2800000, 2800000, 150620903166, 150621332303
Sun Apr  2 13:38:30 2023, 0.000001, serial, 2800000, 2800000, 2800000, 2800000, 2800000, 2800000, 2800000, 2800000, 2800000, 2800000, 2800000, 1200000, 2800000, 1200000, 1200000, 1200000, 2800000, 2800000, 2800000, 2800000, 2800000, 2800000, 2800000, 2800000, 150666122960, 150666602878
Sun Apr  2 13:38:32 2023, 0.000002, serial, 2800000, 2800000, 2800000, 2800000, 2800000, 2800000, 2800000, 2800000, 2800000, 2800000, 2800000, 1200000, 2800000, 1200000, 1200000, 1200000, 2800000, 2800000, 2800000, 2800000, 2800000, 2800000, 2800000, 2800000, 150710162276, 150710600752
Sun Apr  2 13:38:34 2023, 0.000003, serial, 2800000, 2800000, 2800000, 2800000, 2800000, 2800000, 2800000, 2800000, 2800000, 2800000, 2800000, 1200000, 2800000, 1200000, 1200000, 1200000, 2800000, 2800000, 2800000, 2800000, 2800000, 2800000, 2800000, 2800000, 150753852411, 150754285027
Sun Apr  2 13:38:36 2023, 0.000002, serial, 2800000, 2800000, 2800000, 2800000, 2800000, 2800000, 2800000, 2800000, 2800000, 2800000, 2800000, 1200000, 2800000, 1200000, 1200000, 1200000, 2800000, 2800000, 2800000, 2800000, 2800000, 2800000, 2800000, 2800000, 150797593937, 150798030276
Sun Apr  2 13:38:38 2023, 0.000001, serial, 2800000, 2800000, 2800000, 2800000, 2800000, 2800000, 2800000, 2800000, 2800000, 2800000, 2800000, 1200000, 2800000, 1200000, 1200000, 1200000, 2800000, 2800000, 2800000, 2800000, 2800000, 2800000, 2800000, 2800000, 150841232680, 150841651258
Sun Apr  2 13:38:40 2023, 0.000001, serial, 2800000, 2800000, 2800000, 2800000, 2800000, 2800000, 2800000, 2800000, 2800000, 2800000, 2800000, 1200000, 2800000, 1200000, 1200000, 1200000, 2800000, 2800000, 2800000, 2800000, 2800000, 2800000, 2800000, 2800000, 150885602440, 150886024131
Sun Apr  2 13:38:42 2023, 0.000002, serial, 2800000, 2800000, 2800000, 2800000, 2800000, 2800000, 2800000, 2800000, 2800000, 2800000, 2800000, 1200000, 2800000, 1200000, 1200000, 1200000, 2800000, 2800000, 2800000, 2800000, 2800000, 2800000, 2800000, 2800000, 150929396944, 150929851228
Sun Apr  2 13:40:42 2023, 0.000001, serial, 2800000, 2800000, 2800000, 2800000, 2800000, 2800000, 2800000, 2800000, 2800000, 2800000, 2800000, 1200000, 2800000, 1200000, 1200000, 1200000, 2800000, 2800000, 2800000, 2800000, 2800000, 2800000, 2800000, 2800000, 152346614996, 152347088628
Sun Apr  2 13:40:44 2023, 0.000001, serial, 2800000, 2800000, 2800000, 2800000, 2800000, 2800000, 2800000, 2800000, 2800000, 2800000, 2800000, 1200000, 2800000, 1200000, 1200000, 1200000, 2800000, 2800000, 2800000, 2800000, 2800000, 2800000, 2800000, 2800000, 152393001962, 152393429573
Sun Apr  2 13:40:46 2023, 0.000001, serial, 2800000, 2800000, 2800000, 2800000, 2800000, 2800000, 2800000, 2800000, 2800000, 2800000, 2800000, 1200000, 2800000, 1200000, 1200000, 1200000, 2800000, 2800000, 2800000, 2800000, 2800000, 2800000, 2800000, 2800000, 152437165668, 152437650469
Sun Apr  2 13:40:47 2023, 0.000001, serial, 2800000, 2800000, 2800000, 2800000, 2800000, 2800000, 2800000, 2800000, 2800000, 2800000, 2800000, 1200000, 2800000, 1200000, 1200000, 1200000, 2800000, 2800000, 2800000, 2800000, 2800000, 2800000, 2800000, 2800000, 152481443508, 152481895839
Sun Apr  2 13:40:49 2023, 0.000001, serial, 2800000, 2800000, 2800000, 2800000, 2800000, 2800000, 2800000, 2800000, 2800000, 2800000, 2800000, 1200000, 2800000, 1200000, 1200000, 1200000, 2800000, 2800000, 2800000, 2800000, 2800000, 2800000, 2800000, 2800000, 152524226846, 152524680824
Sun Apr  2 13:40:51 2023, 0.000001, serial, 2800000, 2800000, 2800000, 2800000, 2800000, 2800000, 2800000, 2800000, 2800000, 2800000, 2800000, 1200000, 2800000, 1200000, 1200000, 1200000, 2800000, 2800000, 2800000, 2800000, 2800000, 2800000, 2800000, 2800000, 152566663993, 152567069510
Sun Apr  2 13:40:53 2023, 0.000001, serial, 2800000, 2800000, 2800000, 2800000, 2800000, 2800000, 2800000, 2800000, 2800000, 2800000, 2800000, 1200000, 2800000, 1200000, 1200000, 1200000, 2800000, 2800000, 2800000, 2800000, 2800000, 2800000, 2800000, 2800000, 152611018494, 152611432983
Sun Apr  2 13:40:55 2023, 0.000001, serial, 2800000, 2800000, 2800000, 2800000, 2800000, 2800000, 2800000, 2800000, 2800000, 2800000, 2800000, 1200000, 2800000, 1200000, 1200000, 1200000, 2800000, 2800000, 2800000, 2800000, 2800000, 2800000, 2800000, 2800000, 152654590282, 152655022227
Sun Apr  2 13:40:57 2023, 0.000001, serial, 2800000, 2800000, 2800000, 2800000, 2800000, 2800000, 2800000, 2800000, 2800000, 2800000, 2800000, 1200000, 2800000, 1200000, 1200000, 1200000, 2800000, 2800000, 2800000, 2800000, 2800000, 2800000, 2800000, 2800000, 152697636497, 152698107504
Sun Apr  2 13:40:59 2023, 0.000001, serial, 2800000, 2800000, 2800000, 2800000, 2800000, 2800000, 2800000, 2800000, 2800000, 2800000, 2800000, 1200000, 2800000, 1200000, 1200000, 1200000, 2800000, 2800000, 2800000, 2800000, 2800000, 2800000, 2800000, 2800000, 152739602332, 152740026892
Sun Apr  2 13:41:05 2023, 0.000001, serial, 2800000, 2800000, 2800000, 2800000, 2800000, 2800000, 2800000, 2800000, 2800000, 2800000, 2800000, 1200000, 2800000, 1200000, 1200000, 1200000, 2800000, 2800000, 2800000, 2800000, 2800000, 2800000, 2800000, 2800000, 152834625710, 152835048438
Sun Apr  2 13:42:18 2023, 0.000002Sun Apr  2 13:45:00 2023, 0.008964, serial, 2800000, 2800000, 2800000, 2800000, 2800000, 2800000, 2800000, 2800000, 2800000, 2800000, 2800000, 1200000, 2800000, 1200000, 1200000, 1200000, 2800000, 2800000, 2800000, 2800000, 2800000, 2800000, 2800000, 2800000, 155547868764, 155548536181
Sun Apr  2 13:45:02 2023, 0.008976, serial, 2800000, 2800000, 2800000, 2800000, 2800000, 2800000, 2800000, 2800000, 2800000, 2800000, 2800000, 1200000, 2800000, 1200000, 1200000, 1200000, 2800000, 2800000, 2800000, 2800000, 2800000, 2800000, 2800000, 2800000, 155591093568, 155591738891
Sun Apr  2 13:45:04 2023, 0.009000, serial, 2800000, 2800000, 2800000, 2800000, 2800000, 2800000, 2800000, 2800000, 2800000, 2800000, 2800000, 1200000, 2800000, 1200000, 1200000, 1200000, 2800000, 2800000, 2800000, 2800000, 2800000, 2800000, 2800000, 2800000, 155629815881, 155630426414
Sun Apr  2 13:45:06 2023, 0.008787, serial, 2800000, 2800000, 2800000, 2800000, 2800000, 2800000, 2800000, 2800000, 2800000, 2800000, 2800000, 1200000, 2800000, 1200000, 1200000, 1200000, 2800000, 2800000, 2800000, 2800000, 2800000, 2800000, 2800000, 2800000, 155670447674, 155671074381
Sun Apr  2 13:45:08 2023, 0.008881, serial, 2800000, 2800000, 2800000, 2800000, 2800000, 2800000, 2800000, 2800000, 2800000, 2800000, 2800000, 1200000, 2800000, 1200000, 1200000, 1200000, 2800000, 2800000, 2800000, 2800000, 2800000, 2800000, 2800000, 2800000, 155710589966, 155711108031
Sun Apr  2 13:45:10 2023, 0.009047, serial, 2800000, 2800000, 2800000, 2800000, 2800000, 2800000, 2800000, 2800000, 2800000, 2800000, 2800000, 1200000, 2800000, 1200000, 1200000, 1200000, 2800000, 2800000, 2800000, 2800000, 2800000, 2800000, 2800000, 2800000, 155751216876, 155751846330
Sun Apr  2 13:45:12 2023, 0.008604, serial, 2800000, 2800000, 2800000, 2800000, 2800000, 2800000, 2800000, 2800000, 2800000, 2800000, 2800000, 1200000, 2800000, 1200000, 1200000, 1200000, 2800000, 2800000, 2800000, 2800000, 2800000, 2800000, 2800000, 2800000, 155792556126, 155793183138
Sun Apr  2 13:45:13 2023, 0.008877, serial, 2800000, 2800000, 2800000, 2800000, 2800000, 2800000, 2800000, 2800000, 2800000, 2800000, 2800000, 1200000, 2800000, 1200000, 1200000, 1200000, 2800000, 2800000, 2800000, 2800000, 2800000, 2800000, 2800000, 2800000, 155834991930, 155835563218
Sun Apr  2 13:45:15 2023, 0.008850, serial, 2800000, 2800000, 2800000, 2800000, 2800000, 2800000, 2800000, 2800000, 2800000, 2800000, 2800000, 1200000, 2800000, 1200000, 1200000, 1200000, 2800000, 2800000, 2800000, 2800000, 2800000, 2800000, 2800000, 2800000, 155875283575, 155875915775
Sun Apr  2 13:45:17 2023, 0.008938, serial, 2800000, 2800000, 2800000, 2800000, 2800000, 2800000, 2800000, 2800000, 2800000, 2800000, 2800000, 1200000, 2800000, 1200000, 1200000, 1200000, 2800000, 2800000, 2800000, 2800000, 2800000, 2800000, 2800000, 2800000, 155914379971, 155915006618
Sun Apr  2 13:45:38 2023, 0.011239, ipdefaultparallel, 1200000, 1200000, 1200000, 1200000, 1200000, 1200000, 1200000, 1200000, 1200000, 1200000, 1200000, 1200000, 1200000, 1200000, 1200000, 1200000, 1200000, 1200000, 1200000, 1200000, 1200000, 1200000, 1200000, 1200000, 156177806970, 156178521934
Sun Apr  2 13:45:39 2023, 0.012612, ipdefaultparallel, 1200000, 1200000, 1200000, 1200000, 1200000, 1200000, 1200000, 1200000, 1200000, 1200000, 1200000, 1200000, 1200000, 1200000, 1200000, 1200000, 1200000, 1200000, 1200000, 1200000, 1200000, 1200000, 1200000, 1200000, 156193928023, 156194655438
Sun Apr  2 13:45:40 2023, 0.009919, ipdefaultparallel, 1200000, 1200000, 1200000, 1200000, 1200000, 1200000, 1200000, 1200000, 1200000, 1200000, 1200000, 1200000, 1200000, 1200000, 1200000, 1200000, 1200000, 1200000, 1200000, 1200000, 1200000, 1200000, 1200000, 1200000, 156211520019, 156212112547
Sun Apr  2 13:45:41 2023, 0.011153, ipdefaultparallel, 1200000, 1200000, 1200000, 1200000, 1200000, 1200000, 1200000, 1200000, 1200000, 1200000, 1200000, 1200000, 1200000, 1200000, 1200000, 1200000, 1200000, 1200000, 1200000, 1200000, 1200000, 1200000, 1200000, 1200000, 156227158101, 156227848346
Sun Apr  2 13:45:42 2023, 0.011164, ipdefaultparallel, 1200000, 1200000, 1200000, 1200000, 1200000, 1200000, 1200000, 1200000, 1200000, 1200000, 1200000, 1200000, 1200000, 1200000, 1200000, 1200000, 1200000, 1200000, 1200000, 1200000, 1200000, 1200000, 1200000, 1200000, 156244909704, 156245619846
Sun Apr  2 13:45:42 2023, 0.010285, ipdefaultparallel, 1200000, 1200000, 1200000, 1200000, 1200000, 1200000, 1200000, 1200000, 1200000, 1200000, 1200000, 1200000, 1200000, 1200000, 1200000, 1200000, 1200000, 1200000, 1200000, 1200000, 1200000, 1200000, 1200000, 1200000, 156262229911, 156262828359
Sun Apr  2 13:45:43 2023, 0.013332, ipdefaultparallel, 1200000, 1200000, 1200000, 1200000, 1200000, 1200000, 1200000, 1200000, 1200000, 1200000, 1200000, 1200000, 1200000, 1200000, 1200000, 1200000, 1200000, 1200000, 1200000, 1200000, 1200000, 1200000, 1200000, 1200000, 156278520885, 156279295785
Sun Apr  2 13:45:44 2023, 0.011204, ipdefaultparallel, 1200000, 1200000, 1200000, 1200000, 1200000, 1200000, 1200000, 1200000, 1200000, 1200000, 1200000, 1200000, 1200000, 1200000, 1200000, 1200000, 1200000, 1200000, 1200000, 1200000, 1200000, 1200000, 1200000, 1200000, 156296137844, 156296837672
Sun Apr  2 13:45:45 2023, 0.010522, ipdefaultparallel, 1200000, 1200000, 1200000, 1200000, 1200000, 1200000, 1200000, 1200000, 1200000, 1200000, 1200000, 1200000, 1200000, 1200000, 1200000, 1200000, 1200000, 1200000, 1200000, 1200000, 1200000, 1200000, 1200000, 1200000, 156312991073, 156313679608
Sun Apr  2 13:45:46 2023, 0.009861, ipdefaultparallel, 1200000, 1200000, 1200000, 1200000, 1200000, 1200000, 1200000, 1200000, 1200000, 1200000, 1200000, 1200000, 1200000, 1200000, 1200000, 1200000, 1200000, 1200000, 1200000, 1200000, 1200000, 1200000, 1200000, 1200000, 156330344300, 156330970030
, ipdefaultparallel, 1200000, 1200000, 1200000, 1200000, 1200000, 1200000, 1200000, 1200000, 1200000, 1200000, 1200000, 1200000, 1200000, 1200000, 1200000, 1200000, 1200000, 1200000, 1200000, 1200000, 1200000, 1200000, 1200000, 1200000, 156768782813, 156789241074
, ipdefaultparallel, 1200000, 1200000, 1200000, 1200000, 1200000, 1200000, 1200000, 1200000, 1200000, 1200000, 1200000, 1200000, 1200000, 1200000, 1200000, 1200000, 1200000, 1200000, 1200000, 1200000, 1200000, 1200000, 1200000, 1200000, 156806157291, 156807101868
, ipdefaultparallel, 1200000, 1200000, 1200000, 1200000, 1200000, 1200000, 1200000, 1200000, 1200000, 1200000, 1200000, 1200000, 1200000, 1200000, 1200000, 1200000, 1200000, 1200000, 1200000, 1200000, 1200000, 1200000, 1200000, 1200000, 156823510823, 156824727800
, ipdefaultparallel, 1200000, 1200000, 1200000, 1200000, 1200000, 1200000, 1200000, 1200000, 1200000, 1200000, 1200000, 1200000, 1200000, 1200000, 1200000, 1200000, 1200000, 1200000, 1200000, 1200000, 1200000, 1200000, 1200000, 1200000, 156842295260, 156843174347
, ipdefaultparallel, 1200000, 1200000, 1200000, 1200000, 1200000, 1200000, 1200000, 1200000, 1200000, 1200000, 1200000, 1200000, 1200000, 1200000, 1200000, 1200000, 1200000, 1200000, 1200000, 1200000, 1200000, 1200000, 1200000, 1200000, 156859813830, 156860722825
, ipdefaultparallel, 1200000, 1200000, 1200000, 1200000, 1200000, 1200000, 1200000, 1200000, 1200000, 1200000, 1200000, 1200000, 1200000, 1200000, 1200000, 1200000, 1200000, 1200000, 1200000, 1200000, 1200000, 1200000, 1200000, 1200000, 156877458500, 156878461671
, ipdefaultparallel, 1200000, 1200000, 1200000, 1200000, 1200000, 1200000, 1200000, 1200000, 1200000, 1200000, 1200000, 1200000, 1200000, 1200000, 1200000, 1200000, 1200000, 1200000, 1200000, 1200000, 1200000, 1200000, 1200000, 1200000, 156895557452, 156896503007
, ipdefaultparallel, 1200000, 1200000, 1200000, 1200000, 1200000, 1200000, 1200000, 1200000, 1200000, 1200000, 1200000, 1200000, 1200000, 1200000, 1200000, 1200000, 1200000, 1200000, 1200000, 1200000, 1200000, 1200000, 1200000, 1200000, 156913349887, 156914347199
, ipdefaultparallel, 1200000, 1200000, 1200000, 1200000, 1200000, 1200000, 1200000, 1200000, 1200000, 1200000, 1200000, 1200000, 1200000, 1200000, 1200000, 1200000, 1200000, 1200000, 1200000, 1200000, 1200000, 1200000, 1200000, 1200000, 156930869374, 156931829027
, ipdefaultparallel, 1200000, 1200000, 1200000, 1200000, 1200000, 1200000, 1200000, 1200000, 1200000, 1200000, 1200000, 1200000, 1200000, 1200000, 1200000, 1200000, 1200000, 1200000, 1200000, 1200000, 1200000, 1200000, 1200000, 1200000, 156948648503, 156949629091
, ipdefaultparallel, 1200000, 1200000, 1200000, 1200000, 1200000, 1200000, 1200000, 1200000, 1200000, 1200000, 1200000, 1200000, 1200000, 1200000, 1200000, 1200000, 1200000, 1200000, 1200000, 1200000, 1200000, 1200000, 1200000, 1200000, 157699689305, 157717547719
, ipdefaultparallel, 1200000, 1200000, 1200000, 1200000, 1200000, 1200000, 1200000, 1200000, 1200000, 1200000, 1200000, 1200000, 1200000, 1200000, 1200000, 1200000, 1200000, 1200000, 1200000, 1200000, 1200000, 1200000, 1200000, 1200000, 157734583320, 157735515324
, ipdefaultparallel, 1200000, 1200000, 1200000, 1200000, 1200000, 1200000, 1200000, 1200000, 1200000, 1200000, 1200000, 1200000, 1200000, 1200000, 1200000, 1200000, 1200000, 1200000, 1200000, 1200000, 1200000, 1200000, 1200000, 1200000, 157753078878, 157754116045
, ipdefaultparallel, 1200000, 1200000, 1200000, 1200000, 1200000, 1200000, 1200000, 1200000, 1200000, 1200000, 1200000, 1200000, 1200000, 1200000, 1200000, 1200000, 1200000, 1200000, 1200000, 1200000, 1200000, 1200000, 1200000, 1200000, 157770113685, 157771036412
, ipdefaultparallel, 1200000, 1200000, 1200000, 1200000, 1200000, 1200000, 1200000, 1200000, 1200000, 1200000, 1200000, 1200000, 1200000, 1200000, 1200000, 1200000, 1200000, 1200000, 1200000, 1200000, 1200000, 1200000, 1200000, 1200000, 157787026362, 157787816887
, ipdefaultparallel, 1200000, 1200000, 1200000, 1200000, 1200000, 1200000, 1200000, 1200000, 1200000, 1200000, 1200000, 1200000, 1200000, 1200000, 1200000, 1200000, 1200000, 1200000, 1200000, 1200000, 1200000, 1200000, 1200000, 1200000, 157805075998, 157805966132
, ipdefaultparallel, 1200000, 1200000, 1200000, 1200000, 1200000, 1200000, 1200000, 1200000, 1200000, 1200000, 1200000, 1200000, 1200000, 1200000, 1200000, 1200000, 1200000, 1200000, 1200000, 1200000, 1200000, 1200000, 1200000, 1200000, 157823468773, 157824409811
, ipdefaultparallel, 1200000, 1200000, 1200000, 1200000, 1200000, 1200000, 1200000, 1200000, 1200000, 1200000, 1200000, 1200000, 1200000, 1200000, 1200000, 1200000, 1200000, 1200000, 1200000, 1200000, 1200000, 1200000, 1200000, 1200000, 157840891275, 157841902381
, ipdefaultparallel, 1200000, 1200000, 1200000, 1200000, 1200000, 1200000, 1200000, 1200000, 1200000, 1200000, 1200000, 1200000, 1200000, 1200000, 1200000, 1200000, 1200000, 1200000, 1200000, 1200000, 1200000, 1200000, 1200000, 1200000, 157858909600, 157859756217
, ipdefaultparallel, 1200000, 1200000, 1200000, 1200000, 1200000, 1200000, 1200000, 1200000, 1200000, 1200000, 1200000, 1200000, 1200000, 1200000, 1200000, 1200000, 1200000, 1200000, 1200000, 1200000, 1200000, 1200000, 1200000, 1200000, 157876455210, 157877474372
, ipdefaultparallel, 1200000, 1200000, 1200000, 1200000, 1200000, 1200000, 1200000, 1200000, 1200000, 1200000, 1200000, 1200000, 1200000, 1200000, 1200000, 1200000, 1200000, 1200000, 1200000, 1200000, 1200000, 1200000, 1200000, 1200000, 157940961697, 157941971888
, ipdefaultparallel, 1200000, 1200000, 1200000, 1200000, 1200000, 1200000, 1200000, 1200000, 1200000, 1200000, 1200000, 1200000, 1200000, 1200000, 1200000, 1200000, 1200000, 1200000, 1200000, 1200000, 1200000, 1200000, 1200000, 1200000, 157959280681, 157960209756
, ipdefaultparallel, 1200000, 1200000, 1200000, 1200000, 1200000, 1200000, 1200000, 1200000, 1200000, 1200000, 1200000, 1200000, 1200000, 1200000, 1200000, 1200000, 1200000, 1200000, 1200000, 1200000, 1200000, 1200000, 1200000, 1200000, 157977364436, 157978343194
, ipdefaultparallel, 1200000, 1200000, 1200000, 1200000, 1200000, 1200000, 1200000, 1200000, 1200000, 1200000, 1200000, 1200000, 1200000, 1200000, 1200000, 1200000, 1200000, 1200000, 1200000, 1200000, 1200000, 1200000, 1200000, 1200000, 157995397105, 157996433235
, ipdefaultparallel, 1200000, 1200000, 1200000, 1200000, 1200000, 1200000, 1200000, 1200000, 1200000, 1200000, 1200000, 1200000, 1200000, 1200000, 1200000, 1200000, 1200000, 1200000, 1200000, 1200000, 1200000, 1200000, 1200000, 1200000, 158013042384, 158013986291
, ipdefaultparallel, 1200000, 1200000, 1200000, 1200000, 1200000, 1200000, 1200000, 1200000, 1200000, 1200000, 1200000, 1200000, 1200000, 1200000, 1200000, 1200000, 1200000, 1200000, 1200000, 1200000, 1200000, 1200000, 1200000, 1200000, 158031545938, 158032596473
, ipdefaultparallel, 1200000, 1200000, 1200000, 1200000, 1200000, 1200000, 1200000, 1200000, 1200000, 1200000, 1200000, 1200000, 1200000, 1200000, 1200000, 1200000, 1200000, 1200000, 1200000, 1200000, 1200000, 1200000, 1200000, 1200000, 158050476066, 158051522877
, ipdefaultparallel, 1200000, 1200000, 1200000, 1200000, 1200000, 1200000, 1200000, 1200000, 1200000, 1200000, 1200000, 1200000, 1200000, 1200000, 1200000, 1200000, 1200000, 1200000, 1200000, 1200000, 1200000, 1200000, 1200000, 1200000, 158069172551, 158090873972
, ipdefaultparallel, 1200000, 1200000, 1200000, 1200000, 1200000, 1200000, 1200000, 1200000, 1200000, 1200000, 1200000, 1200000, 1200000, 1200000, 1200000, 1200000, 1200000, 1200000, 1200000, 1200000, 1200000, 1200000, 1200000, 1200000, 158108778590, 158109809898
, ipdefaultparallel, 1200000, 1200000, 1200000, 1200000, 1200000, 1200000, 1200000, 1200000, 1200000, 1200000, 1200000, 1200000, 1200000, 1200000, 1200000, 1200000, 1200000, 1200000, 1200000, 1200000, 1200000, 1200000, 1200000, 1200000, 158126962625, 158127858070
, serial, 2800000, 2800000, 2800000, 2800000, 2800000, 2800000, 2800000, 2800000, 2800000, 2800000, 2800000, 1200000, 2800000, 1200000, 1200000, 1200000, 2800000, 2800000, 2800000, 2800000, 2800000, 2800000, 2800000, 2800000, 158379032414, 158404025637
, serial, 2800000, 2800000, 2800000, 2800000, 2800000, 2800000, 2800000, 2800000, 2800000, 2800000, 2800000, 1200000, 2800000, 1200000, 1200000, 1200000, 2800000, 2800000, 2800000, 2800000, 2800000, 2800000, 2800000, 2800000, 158451479128, 158452319885
, serial, 2800000, 2800000, 2800000, 2800000, 2800000, 2800000, 2800000, 2800000, 2800000, 2800000, 2800000, 1200000, 2800000, 1200000, 1200000, 1200000, 2800000, 2800000, 2800000, 2800000, 2800000, 2800000, 2800000, 2800000, 158495489147, 158496331125
, serial, 2800000, 2800000, 2800000, 2800000, 2800000, 2800000, 2800000, 2800000, 2800000, 2800000, 2800000, 1200000, 2800000, 1200000, 1200000, 1200000, 2800000, 2800000, 2800000, 2800000, 2800000, 2800000, 2800000, 2800000, 158535911285, 158536780240
, serial, 2800000, 2800000, 2800000, 2800000, 2800000, 2800000, 2800000, 2800000, 2800000, 2800000, 2800000, 1200000, 2800000, 1200000, 1200000, 1200000, 2800000, 2800000, 2800000, 2800000, 2800000, 2800000, 2800000, 2800000, 158579908304, 158580773292
, serial, 2800000, 2800000, 2800000, 2800000, 2800000, 2800000, 2800000, 2800000, 2800000, 2800000, 2800000, 1200000, 2800000, 1200000, 1200000, 1200000, 2800000, 2800000, 2800000, 2800000, 2800000, 2800000, 2800000, 2800000, 158623673390, 158624462511
, serial, 2800000, 2800000, 2800000, 2800000, 2800000, 2800000, 2800000, 2800000, 2800000, 2800000, 2800000, 1200000, 2800000, 1200000, 1200000, 1200000, 2800000, 2800000, 2800000, 2800000, 2800000, 2800000, 2800000, 2800000, 158665266972, 158666110415
, serial, 2800000, 2800000, 2800000, 2800000, 2800000, 2800000, 2800000, 2800000, 2800000, 2800000, 2800000, 1200000, 2800000, 1200000, 1200000, 1200000, 2800000, 2800000, 2800000, 2800000, 2800000, 2800000, 2800000, 2800000, 158708236894, 158709051711
, serial, 2800000, 2800000, 2800000, 2800000, 2800000, 2800000, 2800000, 2800000, 2800000, 2800000, 2800000, 1200000, 2800000, 1200000, 1200000, 1200000, 2800000, 2800000, 2800000, 2800000, 2800000, 2800000, 2800000, 2800000, 158759028207, 158759884894
, serial, 2800000, 2800000, 2800000, 2800000, 2800000, 2800000, 2800000, 2800000, 2800000, 2800000, 2800000, 1200000, 2800000, 1200000, 1200000, 1200000, 2800000, 2800000, 2800000, 2800000, 2800000, 2800000, 2800000, 2800000, 158803336321, 158804132400
Sun Apr  2 13:50:14 2023, 0.008695, serial, 2800000, 2800000, 2800000, 2800000, 2800000, 2800000, 2800000, 2800000, 2800000, 2800000, 2800000, 1200000, 2800000, 1200000, 1200000, 1200000, 2800000, 2800000, 2800000, 2800000, 2800000, 2800000, 2800000, 2800000, 159951787421, 159952454961
Sun Apr  2 13:52:00 2023, 0.009004, serial, 2800000, 2800000, 2800000, 2800000, 2800000, 2800000, 2800000, 2800000, 2800000, 2800000, 2800000, 1200000, 2800000, 1200000, 1200000, 1200000, 2800000, 2800000, 2800000, 2800000, 2800000, 2800000, 2800000, 2800000, 161188240067, 161188878371
Tue Apr  4 20:33:52 2023, 3.028618, serial, 400000, 400000, 400000, 400000, 400000, 400000, 400000, 400000, ,
Tue Apr  4 21:01:48 2023, 0.000001, serial, 2800000, 2800000, 2800000, 2800000, 2800000, 2800000, 2800000, 2800000, 2800000, 2800000, 2800000, 1200000, 2800000, 1200000, 1200000, 1200000, 2800000, 2800000, 2800000, 2800000, 2800000, 2800000, 2800000, 2800000, 24695803966, 24696375802
Tue Apr  4 21:01:50 2023, 0.000002, serial, 2800000, 2800000, 2800000, 2800000, 2800000, 2800000, 2800000, 2800000, 2800000, 2800000, 2800000, 1200000, 2800000, 1200000, 1200000, 1200000, 2800000, 2800000, 2800000, 2800000, 2800000, 2800000, 2800000, 2800000, 24740774187, 24741219316
Tue Apr  4 21:01:52 2023, 0.000002, serial, 2800000, 2800000, 2800000, 2800000, 2800000, 2800000, 2800000, 2800000, 2800000, 2800000, 2800000, 1200000, 2800000, 1200000, 1200000, 1200000, 2800000, 2800000, 2800000, 2800000, 2800000, 2800000, 2800000, 2800000, 24785442225, 24785903955
Tue Apr  4 21:01:54 2023, 0.000001, serial, 2800000, 2800000, 2800000, 2800000, 2800000, 2800000, 2800000, 2800000, 2800000, 2800000, 2800000, 1200000, 2800000, 1200000, 1200000, 1200000, 2800000, 2800000, 2800000, 2800000, 2800000, 2800000, 2800000, 2800000, 24829821811, 24830258700
Tue Apr  4 21:01:56 2023, 0.000001, serial, 2800000, 2800000, 2800000, 2800000, 2800000, 2800000, 2800000, 2800000, 2800000, 2800000, 2800000, 1200000, 2800000, 1200000, 1200000, 1200000, 2800000, 2800000, 2800000, 2800000, 2800000, 2800000, 2800000, 2800000, 24874389324, 24874817667
Tue Apr  4 21:01:58 2023, 0.000001, serial, 2800000, 2800000, 2800000, 2800000, 2800000, 2800000, 2800000, 2800000, 2800000, 2800000, 2800000, 1200000, 2800000, 1200000, 1200000, 1200000, 2800000, 2800000, 2800000, 2800000, 2800000, 2800000, 2800000, 2800000, 24920247056, 24920675399
Tue Apr  4 21:02:00 2023, 0.000001, serial, 2800000, 2800000, 2800000, 2800000, 2800000, 2800000, 2800000, 2800000, 2800000, 2800000, 2800000, 1200000, 2800000, 1200000, 1200000, 1200000, 2800000, 2800000, 2800000, 2800000, 2800000, 2800000, 2800000, 2800000, 24963681698, 24964136470
Tue Apr  4 21:02:02 2023, 0.000001, serial, 2800000, 2800000, 2800000, 2800000, 2800000, 2800000, 2800000, 2800000, 2800000, 2800000, 2800000, 1200000, 2800000, 1200000, 1200000, 1200000, 2800000, 2800000, 2800000, 2800000, 2800000, 2800000, 2800000, 2800000, 25008591007, 25009032717
Tue Apr  4 21:02:04 2023, 0.000001, serial, 2800000, 2800000, 2800000, 2800000, 2800000, 2800000, 2800000, 2800000, 2800000, 2800000, 2800000, 1200000, 2800000, 1200000, 1200000, 1200000, 2800000, 2800000, 2800000, 2800000, 2800000, 2800000, 2800000, 2800000, 25053249828, 25053705210
Tue Apr  4 21:02:06 2023, 0.000001, serial, 2800000, 2800000, 2800000, 2800000, 2800000, 2800000, 2800000, 2800000, 2800000, 2800000, 2800000, 1200000, 2800000, 1200000, 1200000, 1200000, 2800000, 2800000, 2800000, 2800000, 2800000, 2800000, 2800000, 2800000, 25098751054, 25099212845
Tue Apr  4 21:04:10 2023, 1.871957, ipdefaultmem, 1200000, 1200000, 1200000, 1200000, 1200000, 1200000, 1200000, 1200000, 1200000, 1200000, 1200000, 1200000, 1200000, 1200000, 1200000, 1200000, 1200000, 1200000, 1200000, 1200000, 1200000, 1200000, 1200000, 1200000, 26481987808, 26518710432
Tue Apr  4 21:04:13 2023, 1.868331, ipdefaultmem, 1200000, 1200000, 1200000, 1200000, 1200000, 1200000, 1200000, 1200000, 1200000, 1200000, 1200000, 1200000, 1200000, 1200000, 1200000, 1200000, 1200000, 1200000, 1200000, 1200000, 1200000, 1200000, 1200000, 1200000, 26535949890, 26598814353
Tue Apr  4 21:04:16 2023, 1.884234, ipdefaultmem, 1200000, 1200000, 1200000, 1200000, 1200000, 1200000, 1200000, 1200000, 1200000, 1200000, 1200000, 1200000, 1200000, 1200000, 1200000, 1200000, 1200000, 1200000, 1200000, 1200000, 1200000, 1200000, 1200000, 1200000, 26618827668, 26681946525
Tue Apr  4 21:04:18 2023, 1.776861, ipdefaultmem, 1200000, 1200000, 1200000, 1200000, 1200000, 1200000, 1200000, 1200000, 1200000, 1200000, 1200000, 1200000, 1200000, 1200000, 1200000, 1200000, 1200000, 1200000, 1200000, 1200000, 1200000, 1200000, 1200000, 1200000, 26704504207, 26767793534
Tue Apr  4 21:04:21 2023, 1.908414, ipdefaultmem, 1200000, 1200000, 1200000, 1200000, 1200000, 1200000, 1200000, 1200000, 1200000, 1200000, 1200000, 1200000, 1200000, 1200000, 1200000, 1200000, 1200000, 1200000, 1200000, 1200000, 1200000, 1200000, 1200000, 1200000, 26787698330, 26851520676
Tue Apr  4 21:04:24 2023, 1.924282, ipdefaultmem, 1200000, 1200000, 1200000, 1200000, 1200000, 1200000, 1200000, 1200000, 1200000, 1200000, 1200000, 1200000, 1200000, 1200000, 1200000, 1200000, 1200000, 1200000, 1200000, 1200000, 1200000, 1200000, 1200000, 1200000, 26872710563, 26911045426
Tue Apr  4 21:04:26 2023, 1.898015, ipdefaultmem, 1200000, 1200000, 1200000, 1200000, 1200000, 1200000, 1200000, 1200000, 1200000, 1200000, 1200000, 1200000, 1200000, 1200000, 1200000, 1200000, 1200000, 1200000, 1200000, 1200000, 1200000, 1200000, 1200000, 1200000, 26927376744, 26991398370
Tue Apr  4 21:04:29 2023, 1.776157, ipdefaultmem, 1200000, 1200000, 1200000, 1200000, 1200000, 1200000, 1200000, 1200000, 1200000, 1200000, 1200000, 1200000, 1200000, 1200000, 1200000, 1200000, 1200000, 1200000, 1200000, 1200000, 1200000, 1200000, 1200000, 1200000, 27013847653, 27079011243
Tue Apr  4 21:04:31 2023, 1.925408, ipdefaultmem, 1200000, 1200000, 1200000, 1200000, 1200000, 1200000, 1200000, 1200000, 1200000, 1200000, 1200000, 1200000, 1200000, 1200000, 1200000, 1200000, 1200000, 1200000, 1200000, 1200000, 1200000, 1200000, 1200000, 1200000, 27098238855, 27136000661
Tue Apr  4 21:04:34 2023, 1.760373, ipdefaultmem, 1200000, 1200000, 1200000, 1200000, 1200000, 1200000, 1200000, 1200000, 1200000, 1200000, 1200000, 1200000, 1200000, 1200000, 1200000, 1200000, 1200000, 1200000, 1200000, 1200000, 1200000, 1200000, 1200000, 1200000, 27151423351, 27186491376
Tue Apr  4 21:07:23 2023, 1.895000, mem, 1200000, 1200000, 1200000, 1200000, 1200000, 1200000, 1200000, 1200000, 1200000, 1200000, 1200000, 1200000, 1200000, 1200000, 1200000, 1200000, 1200000, 1200000, 1200000, 1200000, 1200000, 1200000, 1200000, 1200000, 29063313354, 29100585902
Tue Apr  4 21:07:27 2023, 1.943551, mem, 1200000, 1200000, 1200000, 1200000, 1200000, 1200000, 1200000, 1200000, 1200000, 1200000, 1200000, 1200000, 1200000, 1200000, 1200000, 1200000, 1200000, 1200000, 1200000, 1200000, 1200000, 1200000, 1200000, 1200000, 29145470675, 29184260493
Tue Apr  4 21:07:32 2023, 2.806763, mem, 1200000, 1200000, 1200000, 1200000, 1200000, 1200000, 1200000, 1200000, 1200000, 1200000, 1200000, 1200000, 1200000, 1200000, 1200000, 1200000, 1200000, 1200000, 1200000, 1200000, 1200000, 1200000, 1200000, 1200000, 29228557498, 29295969008
Tue Apr  4 21:07:37 2023, 2.811707, mem, 1200000, 1200000, 1200000, 1200000, 1200000, 1200000, 1200000, 1200000, 1200000, 1200000, 1200000, 1200000, 1200000, 1200000, 1200000, 1200000, 1200000, 1200000, 1200000, 1200000, 1200000, 1200000, 1200000, 1200000, 29342579728, 29409578825
Tue Apr  4 21:07:42 2023, 2.810297, mem, 1200000, 1200000, 1200000, 1200000, 1200000, 1200000, 1200000, 1200000, 1200000, 1200000, 1200000, 1200000, 1200000, 1200000, 1200000, 1200000, 1200000, 1200000, 1200000, 1200000, 1200000, 1200000, 1200000, 1200000, 29454813755, 29523353069
Tue Apr  4 21:07:47 2023, 2.807973, mem, 1200000, 1200000, 1200000, 1200000, 1200000, 1200000, 1200000, 1200000, 1200000, 1200000, 1200000, 1200000, 1200000, 1200000, 1200000, 1200000, 1200000, 1200000, 1200000, 1200000, 1200000, 1200000, 1200000, 1200000, 29568938036, 29636125181
Tue Apr  4 21:07:51 2023, 1.928933, mem, 1200000, 1200000, 1200000, 1200000, 1200000, 1200000, 1200000, 1200000, 1200000, 1200000, 1200000, 1200000, 1200000, 1200000, 1200000, 1200000, 1200000, 1200000, 1200000, 1200000, 1200000, 1200000, 1200000, 1200000, 29681720218, 29719293852
Tue Apr  4 21:07:56 2023, 2.806387, mem, 1200000, 1200000, 1200000, 1200000, 1200000, 1200000, 1200000, 1200000, 1200000, 1200000, 1200000, 1200000, 1200000, 1200000, 1200000, 1200000, 1200000, 1200000, 1200000, 1200000, 1200000, 1200000, 1200000, 1200000, 29763272926, 29829744680
Tue Apr  4 21:08:00 2023, 1.929723, mem, 1200000, 1200000, 1200000, 1200000, 1200000, 1200000, 1200000, 1200000, 1200000, 1200000, 1200000, 1200000, 1200000, 1200000, 1200000, 1200000, 1200000, 1200000, 1200000, 1200000, 1200000, 1200000, 1200000, 1200000, 29875277523, 29913665242
Tue Apr  4 21:08:04 2023, 2.806963, mem, 1200000, 1200000, 1200000, 1200000, 1200000, 1200000, 1200000, 1200000, 1200000, 1200000, 1200000, 1200000, 1200000, 1200000, 1200000, 1200000, 1200000, 1200000, 1200000, 1200000, 1200000, 1200000, 1200000, 1200000, 29958110501, 30024545268
Tue Apr  4 21:10:24 2023, 3.369308, mem, 1200000, 1200000, 1200000, 1200000, 1200000, 1200000, 1200000, 1200000, 1200000, 1200000, 1200000, 1200000, 1200000, 1200000, 1200000, 1200000, 1200000, 1200000, 1200000, 1200000, 1200000, 1200000, 1200000, 1200000, 31599269447, 31672512729
Tue Apr  4 21:10:29 2023, 3.369665, mem, 1200000, 1200000, 1200000, 1200000, 1200000, 1200000, 1200000, 1200000, 1200000, 1200000, 1200000, 1200000, 1200000, 1200000, 1200000, 1200000, 1200000, 1200000, 1200000, 1200000, 1200000, 1200000, 1200000, 1200000, 31718397560, 31794200772
Tue Apr  4 21:10:35 2023, 3.370480, mem, 1200000, 1200000, 1200000, 1200000, 1200000, 1200000, 1200000, 1200000, 1200000, 1200000, 1200000, 1200000, 1200000, 1200000, 1200000, 1200000, 1200000, 1200000, 1200000, 1200000, 1200000, 1200000, 1200000, 1200000, 31839539523, 31913836513
Tue Apr  4 21:10:39 2023, 1.948069, mem, 1200000, 1200000, 1200000, 1200000, 1200000, 1200000, 1200000, 1200000, 1200000, 1200000, 1200000, 1200000, 1200000, 1200000, 1200000, 1200000, 1200000, 1200000, 1200000, 1200000, 1200000, 1200000, 1200000, 1200000, 31959754181, 32000408801
Tue Apr  4 21:10:43 2023, 1.934078, mem, 1200000, 1200000, 1200000, 1200000, 1200000, 1200000, 1200000, 1200000, 1200000, 1200000, 1200000, 1200000, 1200000, 1200000, 1200000, 1200000, 1200000, 1200000, 1200000, 1200000, 1200000, 1200000, 1200000, 1200000, 32044600155, 32082535849
Tue Apr  4 21:10:48 2023, 3.371683, mem, 1200000, 1200000, 1200000, 1200000, 1200000, 1200000, 1200000, 1200000, 1200000, 1200000, 1200000, 1200000, 1200000, 1200000, 1200000, 1200000, 1200000, 1200000, 1200000, 1200000, 1200000, 1200000, 1200000, 1200000, 32127363066, 32192147324
Tue Apr  4 21:10:53 2023, 1.921585, mem, 1200000, 1200000, 1200000, 1200000, 1200000, 1200000, 1200000, 1200000, 1200000, 1200000, 1200000, 1200000, 1200000, 1200000, 1200000, 1200000, 1200000, 1200000, 1200000, 1200000, 1200000, 1200000, 1200000, 1200000, 32238178944, 32276608106
Tue Apr  4 21:10:56 2023, 1.934793, mem, 1200000, 1200000, 1200000, 1200000, 1200000, 1200000, 1200000, 1200000, 1200000, 1200000, 1200000, 1200000, 1200000, 1200000, 1200000, 1200000, 1200000, 1200000, 1200000, 1200000, 1200000, 1200000, 1200000, 1200000, 32319994836, 32358740464
Tue Apr  4 21:11:00 2023, 1.939713, mem, 1200000, 1200000, 1200000, 1200000, 1200000, 1200000, 1200000, 1200000, 1200000, 1200000, 1200000, 1200000, 1200000, 1200000, 1200000, 1200000, 1200000, 1200000, 1200000, 1200000, 1200000, 1200000, 1200000, 1200000, 32403438226, 32442325944
Tue Apr  4 21:11:06 2023, 3.370836, mem, 1200000, 1200000, 1200000, 1200000, 1200000, 1200000, 1200000, 1200000, 1200000, 1200000, 1200000, 1200000, 1200000, 1200000, 1200000, 1200000, 1200000, 1200000, 1200000, 1200000, 1200000, 1200000, 1200000, 1200000, 32486234461, 32562569227
Tue Apr  4 21:11:35 2023, 0.000002, serial, 2800000, 2800000, 2800000, 2800000, 2800000, 2800000, 2800000, 2800000, 2800000, 2800000, 2800000, 1200000, 2800000, 1200000, 1200000, 1200000, 2800000, 2800000, 2800000, 2800000, 2800000, 2800000, 2800000, 2800000, 32917729206, 32918236285
Tue Apr  4 21:11:37 2023, 0.000001, serial, 2800000, 2800000, 2800000, 2800000, 2800000, 2800000, 2800000, 2800000, 2800000, 2800000, 2800000, 1200000, 2800000, 1200000, 1200000, 1200000, 2800000, 2800000, 2800000, 2800000, 2800000, 2800000, 2800000, 2800000, 32961635100, 32962056241
Tue Apr  4 21:11:39 2023, 0.000001, serial, 2800000, 2800000, 2800000, 2800000, 2800000, 2800000, 2800000, 2800000, 2800000, 2800000, 2800000, 1200000, 2800000, 1200000, 1200000, 1200000, 2800000, 2800000, 2800000, 2800000, 2800000, 2800000, 2800000, 2800000, 33006534033, 33006994664
Tue Apr  4 21:11:40 2023, 0.000001, serial, 2800000, 2800000, 2800000, 2800000, 2800000, 2800000, 2800000, 2800000, 2800000, 2800000, 2800000, 1200000, 2800000, 1200000, 1200000, 1200000, 2800000, 2800000, 2800000, 2800000, 2800000, 2800000, 2800000, 2800000, 33051184126, 33051645368
Tue Apr  4 21:11:42 2023, 0.000001, serial, 2800000, 2800000, 2800000, 2800000, 2800000, 2800000, 2800000, 2800000, 2800000, 2800000, 2800000, 1200000, 2800000, 1200000, 1200000, 1200000, 2800000, 2800000, 2800000, 2800000, 2800000, 2800000, 2800000, 2800000, 33095785513, 33096235707
Tue Apr  4 21:11:44 2023, 0.000001, serial, 2800000, 2800000, 2800000, 2800000, 2800000, 2800000, 2800000, 2800000, 2800000, 2800000, 2800000, 1200000, 2800000, 1200000, 1200000, 1200000, 2800000, 2800000, 2800000, 2800000, 2800000, 2800000, 2800000, 2800000, 33139949707, 33140396483
Tue Apr  4 21:11:46 2023, 0.000001, serial, 2800000, 2800000, 2800000, 2800000, 2800000, 2800000, 2800000, 2800000, 2800000, 2800000, 2800000, 1200000, 2800000, 1200000, 1200000, 1200000, 2800000, 2800000, 2800000, 2800000, 2800000, 2800000, 2800000, 2800000, 33183072033, 33183508311
Tue Apr  4 21:11:48 2023, 0.000002, serial, 2800000, 2800000, 2800000, 2800000, 2800000, 2800000, 2800000, 2800000, 2800000, 2800000, 2800000, 1200000, 2800000, 1200000, 1200000, 1200000, 2800000, 2800000, 2800000, 2800000, 2800000, 2800000, 2800000, 2800000, 33225406764, 33225848230
Tue Apr  4 21:11:50 2023, 0.000002, serial, 2800000, 2800000, 2800000, 2800000, 2800000, 2800000, 2800000, 2800000, 2800000, 2800000, 2800000, 1200000, 2800000, 1200000, 1200000, 1200000, 2800000, 2800000, 2800000, 2800000, 2800000, 2800000, 2800000, 2800000, 33267768716, 33268193519
Tue Apr  4 21:11:52 2023, 0.000001, serial, 2800000, 2800000, 2800000, 2800000, 2800000, 2800000, 2800000, 2800000, 2800000, 2800000, 2800000, 1200000, 2800000, 1200000, 1200000, 1200000, 2800000, 2800000, 2800000, 2800000, 2800000, 2800000, 2800000, 2800000, 33311915331, 33312362657
, mem, 1200000, 1200000, 1200000, 1200000, 1200000, 1200000, 1200000, 1200000, 1200000, 1200000, 1200000, 1200000, 1200000, 1200000, 1200000, 1200000, 1200000, 1200000, 1200000, 1200000, 1200000, 1200000, 1200000, 1200000, 54911412588, 54930201724
Tue Apr  4 21:44:40 2023, 0.000001, serial, 2800000, 2800000, 2800000, 2800000, 2800000, 2800000, 2800000, 2800000, 2800000, 2800000, 2800000, 1200000, 2800000, 1200000, 1200000, 1200000, 2800000, 2800000, 2800000, 2800000, 2800000, 2800000, 2800000, 2800000, 55239209173, 55239660527
Tue Apr  4 21:46:38 2023, 0.000002Tue Apr  4 21:47:02 2023, 0.000001, serial, 2800000, 2800000, 2800000, 2800000, 2800000, 2800000, 2800000, 2800000, 2800000, 2800000, 2800000, 1200000, 2800000, 1200000, 1200000, 1200000, 2800000, 2800000, 2800000, 2800000, 2800000, 2800000, 2800000, 2800000, 56901003502, 56901420372
Tue Apr  4 21:49:32 2023, 0.000002, parallel, serial, 2800000, 2800000, 2800000, 2800000, 2800000, 2800000, 2800000, 2800000, 2800000, 2800000, 2800000, 1200000, 2800000, 1200000, 1200000, 1200000, 2800000, 2800000, 2800000, 2800000, 2800000, 2800000, 2800000, 2800000, 59543984835, 59565121926
Tue Apr  4 21:51:49 2023, 0.010310, serial, 2800000, 2800000, 2800000, 2800000, 2800000, 2800000, 2800000, 2800000, 2800000, 2800000, 2800000, 1200000, 2800000, 1200000, 1200000, 1200000, 2800000, 2800000, 2800000, 2800000, 2800000, 2800000, 2800000, 2800000, 60272919553, 60273546993
Tue Apr  4 21:57:58 2023, 31.143160, serial, 2800000, 2800000, 2800000, 2800000, 2800000, 2800000, 2800000, 2800000, 2800000, 2800000, 2800000, 1200000, 2800000, 1200000, 1200000, 1200000, 2800000, 2800000, 2800000, 2800000, 2800000, 2800000, 2800000, 2800000, 64015590880, 65100002960
Tue Apr  4 22:00:51 2023, 31.227850, serial, 2800000, 2800000, 2800000, 2800000, 2800000, 2800000, 2800000, 2800000, 2800000, 2800000, 2800000, 1200000, 2800000, 1200000, 1200000, 1200000, 2800000, 2800000, 2800000, 2800000, 2800000, 2800000, 2800000, 2800000, 66728232068, 67659130197
Tue Apr  4 22:01:24 2023, 31.253509, serial, 2800000, 2800000, 2800000, 2800000, 2800000, 2800000, 2800000, 2800000, 2800000, 2800000, 2800000, 1200000, 2800000, 1200000, 1200000, 1200000, 2800000, 2800000, 2800000, 2800000, 2800000, 2800000, 2800000, 2800000, 67704652786, 68323266803
Tue Apr  4 22:01:58 2023, 31.221163, serial, 2800000, 2800000, 2800000, 2800000, 2800000, 2800000, 2800000, 2800000, 2800000, 2800000, 2800000, 1200000, 2800000, 1200000, 1200000, 1200000, 2800000, 2800000, 2800000, 2800000, 2800000, 2800000, 2800000, 2800000, 68373299634, 69465220972
Tue Apr  4 22:02:31 2023, 31.160748, serial, 2800000, 2800000, 2800000, 2800000, 2800000, 2800000, 2800000, 2800000, 2800000, 2800000, 2800000, 1200000, 2800000, 1200000, 1200000, 1200000, 2800000, 2800000, 2800000, 2800000, 2800000, 2800000, 2800000, 2800000, 69515637530, 70133851157
Tue Apr  4 22:03:04 2023, 31.249899, serial, 2800000, 2800000, 2800000, 2800000, 2800000, 2800000, 2800000, 2800000, 2800000, 2800000, 2800000, 1200000, 2800000, 1200000, 1200000, 1200000, 2800000, 2800000, 2800000, 2800000, 2800000, 2800000, 2800000, 2800000, 70184306594, 70802922137
Tue Apr  4 22:03:37 2023, 31.243458, serial, 2800000, 2800000, 2800000, 2800000, 2800000, 2800000, 2800000, 2800000, 2800000, 2800000, 2800000, 1200000, 2800000, 1200000, 1200000, 1200000, 2800000, 2800000, 2800000, 2800000, 2800000, 2800000, 2800000, 2800000, 70847696253, 71467629237
Tue Apr  4 22:04:11 2023, 31.136950, serial, 2800000, 2800000, 2800000, 2800000, 2800000, 2800000, 2800000, 2800000, 2800000, 2800000, 2800000, 1200000, 2800000, 1200000, 1200000, 1200000, 2800000, 2800000, 2800000, 2800000, 2800000, 2800000, 2800000, 2800000, 71518023700, 72617643932
Tue Apr  4 22:04:44 2023, 31.258873, serial, 2800000, 2800000, 2800000, 2800000, 2800000, 2800000, 2800000, 2800000, 2800000, 2800000, 2800000, 1200000, 2800000, 1200000, 1200000, 1200000, 2800000, 2800000, 2800000, 2800000, 2800000, 2800000, 2800000, 2800000, 72666239083, 73287218329
Tue Apr  4 22:05:17 2023, 31.172562, serial, 2800000, 2800000, 2800000, 2800000, 2800000, 2800000, 2800000, 2800000, 2800000, 2800000, 2800000, 1200000, 2800000, 1200000, 1200000, 1200000, 2800000, 2800000, 2800000, 2800000, 2800000, 2800000, 2800000, 2800000, 73339009822, 74450145649
Tue Apr  4 22:05:50 2023, 31.116616, serial, 2800000, 2800000, 2800000, 2800000, 2800000, 2800000, 2800000, 2800000, 2800000, 2800000, 2800000, 1200000, 2800000, 1200000, 1200000, 1200000, 2800000, 2800000, 2800000, 2800000, 2800000, 2800000, 2800000, 2800000, 74495542872, 75607525987
Tue Apr  4 22:07:07 2023, 31.233860, ipdefaultparallel, 1200000, 1200000, 1200000, 1200000, 1200000, 1200000, 1200000, 1200000, 1200000, 1200000, 1200000, 1200000, 1200000, 1200000, 1200000, 1200000, 1200000, 1200000, 1200000, 1200000, 1200000, 1200000, 1200000, 1200000, 76156181382, 76773763053
Tue Apr  4 22:07:39 2023, 31.265854, ipdefaultparallel, 1200000, 1200000, 1200000, 1200000, 1200000, 1200000, 1200000, 1200000, 1200000, 1200000, 1200000, 1200000, 1200000, 1200000, 1200000, 1200000, 1200000, 1200000, 1200000, 1200000, 1200000, 1200000, 1200000, 1200000, 76797289055, 77888715521
Tue Apr  4 22:08:11 2023, 31.250063, ipdefaultparallel, 1200000, 1200000, 1200000, 1200000, 1200000, 1200000, 1200000, 1200000, 1200000, 1200000, 1200000, 1200000, 1200000, 1200000, 1200000, 1200000, 1200000, 1200000, 1200000, 1200000, 1200000, 1200000, 1200000, 1200000, 77912606451, 78531549080
Tue Apr  4 22:08:45 2023, 31.276732, ipdefaultparallel, 1200000, 1200000, 1200000, 1200000, 1200000, 1200000, 1200000, 1200000, 1200000, 1200000, 1200000, 1200000, 1200000, 1200000, 1200000, 1200000, 1200000, 1200000, 1200000, 1200000, 1200000, 1200000, 1200000, 1200000, 78568698094, 79187721168
Tue Apr  4 22:09:17 2023, 31.258792, ipdefaultparallel, 1200000, 1200000, 1200000, 1200000, 1200000, 1200000, 1200000, 1200000, 1200000, 1200000, 1200000, 1200000, 1200000, 1200000, 1200000, 1200000, 1200000, 1200000, 1200000, 1200000, 1200000, 1200000, 1200000, 1200000, 79205501701, 80306426983
Tue Apr  4 22:09:50 2023, 31.415229, ipdefaultparallel, 1200000, 1200000, 1200000, 1200000, 1200000, 1200000, 1200000, 1200000, 1200000, 1200000, 1200000, 1200000, 1200000, 1200000, 1200000, 1200000, 1200000, 1200000, 1200000, 1200000, 1200000, 1200000, 1200000, 1200000, 80333893587, 81217554411
Tue Apr  4 22:10:22 2023, 31.428947, ipdefaultparallel, 1200000, 1200000, 1200000, 1200000, 1200000, 1200000, 1200000, 1200000, 1200000, 1200000, 1200000, 1200000, 1200000, 1200000, 1200000, 1200000, 1200000, 1200000, 1200000, 1200000, 1200000, 1200000, 1200000, 1200000, 81237212137, 82177648633
Tue Apr  4 22:10:55 2023, 31.275819, ipdefaultparallel, 1200000, 1200000, 1200000, 1200000, 1200000, 1200000, 1200000, 1200000, 1200000, 1200000, 1200000, 1200000, 1200000, 1200000, 1200000, 1200000, 1200000, 1200000, 1200000, 1200000, 1200000, 1200000, 1200000, 1200000, 82203900519, 82822972848
Tue Apr  4 22:11:27 2023, 31.262824, ipdefaultparallel, 1200000, 1200000, 1200000, 1200000, 1200000, 1200000, 1200000, 1200000, 1200000, 1200000, 1200000, 1200000, 1200000, 1200000, 1200000, 1200000, 1200000, 1200000, 1200000, 1200000, 1200000, 1200000, 1200000, 1200000, 82838298980, 83947957150
Tue Apr  4 22:11:59 2023, 31.283414, ipdefaultparallel, 1200000, 1200000, 1200000, 1200000, 1200000, 1200000, 1200000, 1200000, 1200000, 1200000, 1200000, 1200000, 1200000, 1200000, 1200000, 1200000, 1200000, 1200000, 1200000, 1200000, 1200000, 1200000, 1200000, 1200000, 83973974967, 84593215447
Tue Apr  4 22:21:22 2023, 3.373622, mem, 1200000, 1200000, 1200000, 1200000, 1200000, 1200000, 1200000, 1200000, 1200000, 1200000, 1200000, 1200000, 1200000, 1200000, 1200000, 1200000, 1200000, 1200000, 1200000, 1200000, 1200000, 1200000, 1200000, 1200000, 95369822625, 95444462509
Tue Apr  4 22:27:57 2023, 1.880553, mem, 1200000, 1200000, 1200000, 1200000, 1200000, 1200000, 1200000, 1200000, 1200000, 1200000, 1200000, 1200000, 1200000, 1200000, 1200000, 1200000, 1200000, 1200000, 1200000, 1200000, 1200000, 1200000, 1200000, 1200000, 99834092080, 99871297429
Tue Apr  4 22:29:38 2023, 31.160971, serial, 2800000, 2800000, 2800000, 2800000, 2800000, 2800000, 2800000, 2800000, 2800000, 2800000, 2800000, 1200000, 2800000, 1200000, 1200000, 1200000, 2800000, 2800000, 2800000, 2800000, 2800000, 2800000, 2800000, 2800000, 100677989028, 101293693202
Tue Apr  4 22:38:16 2023, 3.370144, mem, 1200000, 1200000, 1200000, 1200000, 1200000, 1200000, 1200000, 1200000, 1200000, 1200000, 1200000, 1200000, 1200000, 1200000, 1200000, 1200000, 1200000, 1200000, 1200000, 1200000, 1200000, 1200000, 1200000, 1200000, 109077707332, 109151658376
Tue Apr  4 22:40:24 2023, 6.734698, mem, 1200000, 1200000, 1200000, 1200000, 1200000, 1200000, 1200000, 1200000, 1200000, 1200000, 1200000, 1200000, 1200000, 1200000, 1200000, 1200000, 1200000, 1200000, 1200000, 1200000, 1200000, 1200000, 1200000, 1200000, 110526690622, 110673673461
Tue Apr  4 23:19:32 2023, 6.739827, mem, 1200000, 1200000, 1200000, 1200000, 1200000, 1200000, 1200000, 1200000, 1200000, 1200000, 1200000, 1200000, 1200000, 1200000, 1200000, 1200000, 1200000, 1200000, 1200000, 1200000, 1200000, 1200000, 1200000, 1200000, 140029307539, 140174931495
Tue Apr  4 23:20:32 2023, 5.385267, mem, 1200000, 1200000, 1200000, 1200000, 1200000, 1200000, 1200000, 1200000, 1200000, 1200000, 1200000, 1200000, 1200000, 1200000, 1200000, 1200000, 1200000, 1200000, 1200000, 1200000, 1200000, 1200000, 1200000, 1200000, 140855892825, 140961853064
Tue Apr  4 23:23:55 2023, 10.323581, mem, 1200000, 1200000, 1200000, 1200000, 1200000, 1200000, 1200000, 1200000, 1200000, 1200000, 1200000, 1200000, 1200000, 1200000, 1200000, 1200000, 1200000, 1200000, 1200000, 1200000, 1200000, 1200000, 1200000, 1200000, 144452567700, 144645962224
Tue Apr  4 23:24:21 2023, 5.380279, mem, 1200000, 1200000, 1200000, 1200000, 1200000, 1200000, 1200000, 1200000, 1200000, 1200000, 1200000, 1200000, 1200000, 1200000, 1200000, 1200000, 1200000, 1200000, 1200000, 1200000, 1200000, 1200000, 1200000, 1200000, 144895386757, 145000932263
Tue Apr  4 23:27:31 2023, 10.108334, mem, 1200000, 1200000, 1200000, 1200000, 1200000, 1200000, 1200000, 1200000, 1200000, 1200000, 1200000, 1200000, 1200000, 1200000, 1200000, 1200000, 1200000, 1200000, 1200000, 1200000, 1200000, 1200000, 1200000, 1200000, 147832842494, 148055855412
Tue Apr  4 23:27:43 2023, 10.114484, mem, 1200000, 1200000, 1200000, 1200000, 1200000, 1200000, 1200000, 1200000, 1200000, 1200000, 1200000, 1200000, 1200000, 1200000, 1200000, 1200000, 1200000, 1200000, 1200000, 1200000, 1200000, 1200000, 1200000, 1200000, 148101836434, 148322554558
Tue Apr  4 23:27:56 2023, 10.110765, mem, 1200000, 1200000, 1200000, 1200000, 1200000, 1200000, 1200000, 1200000, 1200000, 1200000, 1200000, 1200000, 1200000, 1200000, 1200000, 1200000, 1200000, 1200000, 1200000, 1200000, 1200000, 1200000, 1200000, 1200000, 148367907774, 148591088966
Tue Apr  4 23:28:08 2023, 10.108650, mem, 1200000, 1200000, 1200000, 1200000, 1200000, 1200000, 1200000, 1200000, 1200000, 1200000, 1200000, 1200000, 1200000, 1200000, 1200000, 1200000, 1200000, 1200000, 1200000, 1200000, 1200000, 1200000, 1200000, 1200000, 148637270000, 148858089442
Tue Apr  4 23:28:16 2023, 5.466614, mem, 1200000, 1200000, 1200000, 1200000, 1200000, 1200000, 1200000, 1200000, 1200000, 1200000, 1200000, 1200000, 1200000, 1200000, 1200000, 1200000, 1200000, 1200000, 1200000, 1200000, 1200000, 1200000, 1200000, 1200000, 148904673185, 149012511776
Tue Apr  4 23:28:28 2023, 10.126078, mem, 1200000, 1200000, 1200000, 1200000, 1200000, 1200000, 1200000, 1200000, 1200000, 1200000, 1200000, 1200000, 1200000, 1200000, 1200000, 1200000, 1200000, 1200000, 1200000, 1200000, 1200000, 1200000, 1200000, 1200000, 149054695506, 149276537711
Tue Apr  4 23:28:35 2023, 5.356228, mem, 1200000, 1200000, 1200000, 1200000, 1200000, 1200000, 1200000, 1200000, 1200000, 1200000, 1200000, 1200000, 1200000, 1200000, 1200000, 1200000, 1200000, 1200000, 1200000, 1200000, 1200000, 1200000, 1200000, 1200000, 149328353924, 149433821244
Tue Apr  4 23:28:48 2023, 10.224025, mem, 1200000, 1200000, 1200000, 1200000, 1200000, 1200000, 1200000, 1200000, 1200000, 1200000, 1200000, 1200000, 1200000, 1200000, 1200000, 1200000, 1200000, 1200000, 1200000, 1200000, 1200000, 1200000, 1200000, 1200000, 149478974815, 149703514829
Tue Apr  4 23:28:55 2023, 5.375180, mem, 1200000, 1200000, 1200000, 1200000, 1200000, 1200000, 1200000, 1200000, 1200000, 1200000, 1200000, 1200000, 1200000, 1200000, 1200000, 1200000, 1200000, 1200000, 1200000, 1200000, 1200000, 1200000, 1200000, 1200000, 149748874454, 149855557775
Tue Apr  4 23:29:04 2023, 7.066927, mem, 1200000, 1200000, 1200000, 1200000, 1200000, 1200000, 1200000, 1200000, 1200000, 1200000, 1200000, 1200000, 1200000, 1200000, 1200000, 1200000, 1200000, 1200000, 1200000, 1200000, 1200000, 1200000, 1200000, 1200000, 149895616998, 150042390609
Wed Apr  5 11:22:41 2023, 10.103153, ipdefaultmem, 1200000, 1200000, 1200000, 1200000, 1200000, 1200000, 1200000, 1200000, 1200000, 1200000, 1200000, 1200000, 1200000, 1200000, 1200000, 1200000, 1200000, 1200000, 1200000, 1200000, 1200000, 1200000, 1200000, 1200000, 103647685772, 103869201135
Wed Apr  5 11:22:47 2023, 5.395034, ipdefaultmem, 1200000, 1200000, 1200000, 1200000, 1200000, 1200000, 1200000, 1200000, 1200000, 1200000, 1200000, 1200000, 1200000, 1200000, 1200000, 1200000, 1200000, 1200000, 1200000, 1200000, 1200000, 1200000, 1200000, 1200000, 103887333412, 103992400526
Wed Apr  5 11:22:58 2023, 10.113595, ipdefaultmem, 1200000, 1200000, 1200000, 1200000, 1200000, 1200000, 1200000, 1200000, 1200000, 1200000, 1200000, 1200000, 1200000, 1200000, 1200000, 1200000, 1200000, 1200000, 1200000, 1200000, 1200000, 1200000, 1200000, 1200000, 104014338153, 104235418703
Wed Apr  5 11:23:09 2023, 10.112622, ipdefaultmem, 1200000, 1200000, 1200000, 1200000, 1200000, 1200000, 1200000, 1200000, 1200000, 1200000, 1200000, 1200000, 1200000, 1200000, 1200000, 1200000, 1200000, 1200000, 1200000, 1200000, 1200000, 1200000, 1200000, 1200000, 104253487749, 104476174617
Wed Apr  5 11:23:20 2023, 10.112560, ipdefaultmem, 1200000, 1200000, 1200000, 1200000, 1200000, 1200000, 1200000, 1200000, 1200000, 1200000, 1200000, 1200000, 1200000, 1200000, 1200000, 1200000, 1200000, 1200000, 1200000, 1200000, 1200000, 1200000, 1200000, 1200000, 104494689585, 104718739914
Wed Apr  5 11:23:31 2023, 10.120092, ipdefaultmem, 1200000, 1200000, 1200000, 1200000, 1200000, 1200000, 1200000, 1200000, 1200000, 1200000, 1200000, 1200000, 1200000, 1200000, 1200000, 1200000, 1200000, 1200000, 1200000, 1200000, 1200000, 1200000, 1200000, 1200000, 104735196843, 104960183205
Wed Apr  5 11:23:42 2023, 10.124598, ipdefaultmem, 1200000, 1200000, 1200000, 1200000, 1200000, 1200000, 1200000, 1200000, 1200000, 1200000, 1200000, 1200000, 1200000, 1200000, 1200000, 1200000, 1200000, 1200000, 1200000, 1200000, 1200000, 1200000, 1200000, 1200000, 104979061392, 105204127466
Wed Apr  5 11:23:49 2023, 5.420194, ipdefaultmem, 1200000, 1200000, 1200000, 1200000, 1200000, 1200000, 1200000, 1200000, 1200000, 1200000, 1200000, 1200000, 1200000, 1200000, 1200000, 1200000, 1200000, 1200000, 1200000, 1200000, 1200000, 1200000, 1200000, 1200000, 105221675883, 105329036814
Wed Apr  5 11:24:00 2023, 10.115321, ipdefaultmem, 1200000, 1200000, 1200000, 1200000, 1200000, 1200000, 1200000, 1200000, 1200000, 1200000, 1200000, 1200000, 1200000, 1200000, 1200000, 1200000, 1200000, 1200000, 1200000, 1200000, 1200000, 1200000, 1200000, 1200000, 105351062820, 105574426994
Wed Apr  5 11:24:06 2023, 5.403653, ipdefaultmem, 1200000, 1200000, 1200000, 1200000, 1200000, 1200000, 1200000, 1200000, 1200000, 1200000, 1200000, 1200000, 1200000, 1200000, 1200000, 1200000, 1200000, 1200000, 1200000, 1200000, 1200000, 1200000, 1200000, 1200000, 105592188423, 105698698954
Wed Apr  5 11:26:27 2023, 60.172149, serial, 1200000, 1200000, 1200000, 1200000, 1200000, 1200000, 1200000, 1200000, 1200000, 1200000, 1200000, 1200000, 1200000, 1200000, 1200000, 1200000, 1200000, 1200000, 1200000, 1200000, 1200000, 1200000, 1200000, 1200000, 106637361651, 107904261606
Wed Apr  5 11:27:24 2023, 54.090010, serial, 1200000, 1200000, 1200000, 1200000, 1200000, 1200000, 1200000, 1200000, 1200000, 1200000, 1200000, 1200000, 1200000, 1200000, 1200000, 1200000, 1200000, 1200000, 1200000, 1200000, 1200000, 1200000, 1200000, 1200000, 107956363706, 109091644857
Wed Apr  5 11:27:57 2023, 31.241530, serial, 1200000, 1200000, 1200000, 1200000, 1200000, 1200000, 1200000, 1200000, 1200000, 1200000, 1200000, 1200000, 1200000, 1200000, 1200000, 1200000, 1200000, 1200000, 1200000, 1200000, 1200000, 1200000, 1200000, 1200000, 109137237880, 109755532379
Wed Apr  5 11:28:42 2023, 31.271139, serial, 1200000, 1200000, 1200000, 1200000, 1200000, 1200000, 1200000, 1200000, 1200000, 1200000, 1200000, 1200000, 1200000, 1200000, 1200000, 1200000, 1200000, 1200000, 1200000, 1200000, 1200000, 1200000, 1200000, 1200000, 109950019857, 110568762475
Wed Apr  5 11:29:44 2023, 60.169000, serial, 1200000, 1200000, 1200000, 1200000, 1200000, 1200000, 1200000, 1200000, 1200000, 1200000, 1200000, 1200000, 1200000, 1200000, 1200000, 1200000, 1200000, 1200000, 1200000, 1200000, 1200000, 1200000, 1200000, 1200000, 110611439124, 111895518356
Wed Apr  5 11:30:47 2023, 60.171045, serial, 1200000, 1200000, 1200000, 1200000, 1200000, 1200000, 1200000, 1200000, 1200000, 1200000, 1200000, 1200000, 1200000, 1200000, 1200000, 1200000, 1200000, 1200000, 1200000, 1200000, 1200000, 1200000, 1200000, 1200000, 111947815158, 113243248792
Wed Apr  5 11:31:50 2023, 60.171670, serial, 1200000, 1200000, 1200000, 1200000, 1200000, 1200000, 1200000, 1200000, 1200000, 1200000, 1200000, 1200000, 1200000, 1200000, 1200000, 1200000, 1200000, 1200000, 1200000, 1200000, 1200000, 1200000, 1200000, 1200000, 113299268363, 114592902503
Wed Apr  5 11:32:53 2023, 60.169899, serial, 1200000, 1200000, 1200000, 1200000, 1200000, 1200000, 1200000, 1200000, 1200000, 1200000, 1200000, 1200000, 1200000, 1200000, 1200000, 1200000, 1200000, 1200000, 1200000, 1200000, 1200000, 1200000, 1200000, 1200000, 114646894796, 115938409800
Wed Apr  5 11:33:56 2023, 60.169925, serial, 1200000, 1200000, 1200000, 1200000, 1200000, 1200000, 1200000, 1200000, 1200000, 1200000, 1200000, 1200000, 1200000, 1200000, 1200000, 1200000, 1200000, 1200000, 1200000, 1200000, 1200000, 1200000, 1200000, 1200000, 115991159055, 117284079878
Wed Apr  5 11:34:59 2023, 60.171107, serial, 1200000, 1200000, 1200000, 1200000, 1200000, 1200000, 1200000, 1200000, 1200000, 1200000, 1200000, 1200000, 1200000, 1200000, 1200000, 1200000, 1200000, 1200000, 1200000, 1200000, 1200000, 1200000, 1200000, 1200000, 117337539153, 118630396378
Wed Apr  5 11:57:12 2023, 5.437913, ipdefaultmem, 1200000, 1200000, 1200000, 1200000, 1200000, 1200000, 1200000, 1200000, 1200000, 1200000, 1200000, 1200000, 1200000, 1200000, 1200000, 1200000, 1200000, 1200000, 1200000, 1200000, 1200000, 1200000, 1200000, 1200000, 133595262426, 133702795964
Wed Apr  5 11:57:19 2023, 5.400136, ipdefaultmem, 1200000, 1200000, 1200000, 1200000, 1200000, 1200000, 1200000, 1200000, 1200000, 1200000, 1200000, 1200000, 1200000, 1200000, 1200000, 1200000, 1200000, 1200000, 1200000, 1200000, 1200000, 1200000, 1200000, 1200000, 133719862266, 133826413995
Wed Apr  5 11:57:30 2023, 10.113127, ipdefaultmem, 1200000, 1200000, 1200000, 1200000, 1200000, 1200000, 1200000, 1200000, 1200000, 1200000, 1200000, 1200000, 1200000, 1200000, 1200000, 1200000, 1200000, 1200000, 1200000, 1200000, 1200000, 1200000, 1200000, 1200000, 133842151747, 134065200737
Wed Apr  5 11:57:41 2023, 10.113894, ipdefaultmem, 1200000, 1200000, 1200000, 1200000, 1200000, 1200000, 1200000, 1200000, 1200000, 1200000, 1200000, 1200000, 1200000, 1200000, 1200000, 1200000, 1200000, 1200000, 1200000, 1200000, 1200000, 1200000, 1200000, 1200000, 134083871466, 134275181401
Wed Apr  5 11:57:52 2023, 10.116362, ipdefaultmem, 1200000, 1200000, 1200000, 1200000, 1200000, 1200000, 1200000, 1200000, 1200000, 1200000, 1200000, 1200000, 1200000, 1200000, 1200000, 1200000, 1200000, 1200000, 1200000, 1200000, 1200000, 1200000, 1200000, 1200000, 134293743548, 134515918394
Wed Apr  5 11:58:03 2023, 10.119828, ipdefaultmem, 1200000, 1200000, 1200000, 1200000, 1200000, 1200000, 1200000, 1200000, 1200000, 1200000, 1200000, 1200000, 1200000, 1200000, 1200000, 1200000, 1200000, 1200000, 1200000, 1200000, 1200000, 1200000, 1200000, 1200000, 134534524670, 134747898574
Wed Apr  5 11:58:14 2023, 10.107997, ipdefaultmem, 1200000, 1200000, 1200000, 1200000, 1200000, 1200000, 1200000, 1200000, 1200000, 1200000, 1200000, 1200000, 1200000, 1200000, 1200000, 1200000, 1200000, 1200000, 1200000, 1200000, 1200000, 1200000, 1200000, 1200000, 134766356230, 134991107424
Wed Apr  5 11:58:32 2023, 10.106854, ipdefaultmem, 1200000, 1200000, 1200000, 1200000, 1200000, 1200000, 1200000, 1200000, 1200000, 1200000, 1200000, 1200000, 1200000, 1200000, 1200000, 1200000, 1200000, 1200000, 1200000, 1200000, 1200000, 1200000, 1200000, 1200000, 135099470062, 135292588403
Wed Apr  5 11:58:43 2023, 10.104785, ipdefaultmem, 1200000, 1200000, 1200000, 1200000, 1200000, 1200000, 1200000, 1200000, 1200000, 1200000, 1200000, 1200000, 1200000, 1200000, 1200000, 1200000, 1200000, 1200000, 1200000, 1200000, 1200000, 1200000, 1200000, 1200000, 135311213172, 135535706799
Wed Apr  5 11:58:54 2023, 10.112996, ipdefaultmem, 1200000, 1200000, 1200000, 1200000, 1200000, 1200000, 1200000, 1200000, 1200000, 1200000, 1200000, 1200000, 1200000, 1200000, 1200000, 1200000, 1200000, 1200000, 1200000, 1200000, 1200000, 1200000, 1200000, 1200000, 135554194057, 135776579962
Wed Apr  5 12:00:42 2023, 10.108189, mem, 1200000, 1200000, 1200000, 1200000, 1200000, 1200000, 1200000, 1200000, 1200000, 1200000, 1200000, 1200000, 1200000, 1200000, 1200000, 1200000, 1200000, 1200000, 1200000, 1200000, 1200000, 1200000, 1200000, 1200000, 136906879681, 137125608369
Wed Apr  5 12:00:49 2023, 5.388965, mem, 1200000, 1200000, 1200000, 1200000, 1200000, 1200000, 1200000, 1200000, 1200000, 1200000, 1200000, 1200000, 1200000, 1200000, 1200000, 1200000, 1200000, 1200000, 1200000, 1200000, 1200000, 1200000, 1200000, 1200000, 137171429968, 137277320200
Wed Apr  5 12:01:02 2023, 10.111963, mem, 1200000, 1200000, 1200000, 1200000, 1200000, 1200000, 1200000, 1200000, 1200000, 1200000, 1200000, 1200000, 1200000, 1200000, 1200000, 1200000, 1200000, 1200000, 1200000, 1200000, 1200000, 1200000, 1200000, 1200000, 137321131367, 137541773502
Wed Apr  5 12:01:09 2023, 5.419512, mem, 1200000, 1200000, 1200000, 1200000, 1200000, 1200000, 1200000, 1200000, 1200000, 1200000, 1200000, 1200000, 1200000, 1200000, 1200000, 1200000, 1200000, 1200000, 1200000, 1200000, 1200000, 1200000, 1200000, 1200000, 137587798042, 137695456397
Wed Apr  5 12:01:17 2023, 5.411010, mem, 1200000, 1200000, 1200000, 1200000, 1200000, 1200000, 1200000, 1200000, 1200000, 1200000, 1200000, 1200000, 1200000, 1200000, 1200000, 1200000, 1200000, 1200000, 1200000, 1200000, 1200000, 1200000, 1200000, 1200000, 137739881027, 137846799455
Wed Apr  5 12:01:24 2023, 5.392774, mem, 1200000, 1200000, 1200000, 1200000, 1200000, 1200000, 1200000, 1200000, 1200000, 1200000, 1200000, 1200000, 1200000, 1200000, 1200000, 1200000, 1200000, 1200000, 1200000, 1200000, 1200000, 1200000, 1200000, 1200000, 137893327961, 138000101064
Wed Apr  5 12:01:36 2023, 10.110097, mem, 1200000, 1200000, 1200000, 1200000, 1200000, 1200000, 1200000, 1200000, 1200000, 1200000, 1200000, 1200000, 1200000, 1200000, 1200000, 1200000, 1200000, 1200000, 1200000, 1200000, 1200000, 1200000, 1200000, 1200000, 138045262570, 138269640962
Wed Apr  5 12:01:49 2023, 10.106718, mem, 1200000, 1200000, 1200000, 1200000, 1200000, 1200000, 1200000, 1200000, 1200000, 1200000, 1200000, 1200000, 1200000, 1200000, 1200000, 1200000, 1200000, 1200000, 1200000, 1200000, 1200000, 1200000, 1200000, 1200000, 138322621601, 138547154900
Wed Apr  5 12:01:57 2023, 5.387814, mem, 1200000, 1200000, 1200000, 1200000, 1200000, 1200000, 1200000, 1200000, 1200000, 1200000, 1200000, 1200000, 1200000, 1200000, 1200000, 1200000, 1200000, 1200000, 1200000, 1200000, 1200000, 1200000, 1200000, 1200000, 138591818971, 138698603060
Wed Apr  5 12:02:09 2023, 10.111224, mem, 1200000, 1200000, 1200000, 1200000, 1200000, 1200000, 1200000, 1200000, 1200000, 1200000, 1200000, 1200000, 1200000, 1200000, 1200000, 1200000, 1200000, 1200000, 1200000, 1200000, 1200000, 1200000, 1200000, 1200000, 138741051194, 138966257953
Wed Apr  5 12:13:36 2023, 34.065691, ipdefaultparallel, 1200000, 1200000, 1200000, 1200000, 1200000, 1200000, 1200000, 1200000, 1200000, 1200000, 1200000, 1200000, 1200000, 1200000, 1200000, 1200000, 1200000, 1200000, 1200000, 1200000, 1200000, 1200000, 1200000, 1200000, 146298103564, 146974508937
Wed Apr  5 12:14:08 2023, 31.690386, ipdefaultparallel, 1200000, 1200000, 1200000, 1200000, 1200000, 1200000, 1200000, 1200000, 1200000, 1200000, 1200000, 1200000, 1200000, 1200000, 1200000, 1200000, 1200000, 1200000, 1200000, 1200000, 1200000, 1200000, 1200000, 1200000, 146992384196, 147617928554
Wed Apr  5 12:15:10 2023, 60.172103, ipdefaultparallel, 1200000, 1200000, 1200000, 1200000, 1200000, 1200000, 1200000, 1200000, 1200000, 1200000, 1200000, 1200000, 1200000, 1200000, 1200000, 1200000, 1200000, 1200000, 1200000, 1200000, 1200000, 1200000, 1200000, 1200000, 147643012352, 148912119638
Wed Apr  5 12:16:12 2023, 60.173587, ipdefaultparallel, 1200000, 1200000, 1200000, 1200000, 1200000, 1200000, 1200000, 1200000, 1200000, 1200000, 1200000, 1200000, 1200000, 1200000, 1200000, 1200000, 1200000, 1200000, 1200000, 1200000, 1200000, 1200000, 1200000, 1200000, 148947384440, 150218157859
Wed Apr  5 12:17:14 2023, 60.169476, ipdefaultparallel, 1200000, 1200000, 1200000, 1200000, 1200000, 1200000, 1200000, 1200000, 1200000, 1200000, 1200000, 1200000, 1200000, 1200000, 1200000, 1200000, 1200000, 1200000, 1200000, 1200000, 1200000, 1200000, 1200000, 1200000, 150243231770, 151521077620
Wed Apr  5 12:18:15 2023, 60.170064, ipdefaultparallel, 1200000, 1200000, 1200000, 1200000, 1200000, 1200000, 1200000, 1200000, 1200000, 1200000, 1200000, 1200000, 1200000, 1200000, 1200000, 1200000, 1200000, 1200000, 1200000, 1200000, 1200000, 1200000, 1200000, 1200000, 151547658667, 152822888923
Wed Apr  5 12:18:48 2023, 31.281178, ipdefaultparallel, 1200000, 1200000, 1200000, 1200000, 1200000, 1200000, 1200000, 1200000, 1200000, 1200000, 1200000, 1200000, 1200000, 1200000, 1200000, 1200000, 1200000, 1200000, 1200000, 1200000, 1200000, 1200000, 1200000, 1200000, 152850756039, 153469662475
Wed Apr  5 12:19:20 2023, 31.261864, ipdefaultparallel, 1200000, 1200000, 1200000, 1200000, 1200000, 1200000, 1200000, 1200000, 1200000, 1200000, 1200000, 1200000, 1200000, 1200000, 1200000, 1200000, 1200000, 1200000, 1200000, 1200000, 1200000, 1200000, 1200000, 1200000, 153487426468, 154106004901
Wed Apr  5 12:20:11 2023, 49.845709, ipdefaultparallel, 1200000, 1200000, 1200000, 1200000, 1200000, 1200000, 1200000, 1200000, 1200000, 1200000, 1200000, 1200000, 1200000, 1200000, 1200000, 1200000, 1200000, 1200000, 1200000, 1200000, 1200000, 1200000, 1200000, 1200000, 154131928053, 155200270655
Wed Apr  5 12:20:43 2023, 31.286643, ipdefaultparallel, 1200000, 1200000, 1200000, 1200000, 1200000, 1200000, 1200000, 1200000, 1200000, 1200000, 1200000, 1200000, 1200000, 1200000, 1200000, 1200000, 1200000, 1200000, 1200000, 1200000, 1200000, 1200000, 1200000, 1200000, 155218786598, 155838245035
Wed Apr  5 12:23:57 2023, 42.153683, parallel,, 39629252674, 41738329917
Wed Apr  5 12:27:52 2023, 60.175338, parallel, 1200000, 1200000, 1200000, 1200000, 1200000, 1200000, 1200000, 1200000, 1200000, 1200000, 1200000, 1200000, 1200000, 1200000, 1200000, 1200000, 1200000, 1200000, 1200000, 1200000, 1200000, 1200000, 1200000, 1200000, 160156592683, 161280094507
Wed Apr  5 12:30:43 2023, 10.111008, mem, 1200000, 1200000, 1200000, 1200000, 1200000, 1200000, 1200000, 1200000, 1200000, 1200000, 1200000, 1200000, 1200000, 1200000, 1200000, 1200000, 1200000, 1200000, 1200000, 1200000, 1200000, 1200000, 1200000, 1200000, 163181005412, 163402053003
Wed Apr  5 12:32:04 2023, 31.269127, parallel, 2500000, 2500000, 2500000, 2500000, 2500000, 2500000, 2500000, 2500000, 2500000, 2500000, 2500000, 1200000, 2500000, 1200000, 1200000, 1200000, 2500000, 2500000, 2500000, 2500000, 2500000, 2500000, 2500000, 2500000, 163992297402, 164606098626
Wed Apr  5 12:32:40 2023, 31.117684, parallel, 2500000, 2500000, 2500000, 2500000, 2500000, 2500000, 2500000, 2500000, 2500000, 2500000, 2500000, 1200000, 2500000, 1200000, 1200000, 1200000, 2500000, 2500000, 2500000, 2500000, 2500000, 2500000, 2500000, 2500000, 164689598413, 165776797167
Wed Apr  5 12:33:17 2023, 31.133547, parallel, 2500000, 2500000, 2500000, 2500000, 2500000, 2500000, 2500000, 2500000, 2500000, 2500000, 2500000, 1200000, 2500000, 1200000, 1200000, 1200000, 2500000, 2500000, 2500000, 2500000, 2500000, 2500000, 2500000, 2500000, 165873901777, 166986078984
Wed Apr  5 12:33:53 2023, 31.150588, parallel, 2500000, 2500000, 2500000, 2500000, 2500000, 2500000, 2500000, 2500000, 2500000, 2500000, 2500000, 1200000, 2500000, 1200000, 1200000, 1200000, 2500000, 2500000, 2500000, 2500000, 2500000, 2500000, 2500000, 2500000, 167076179400, 168197831741
Wed Apr  5 12:34:40 2023, 31.161827, parallel, 2500000, 2500000, 2500000, 2500000, 2500000, 2500000, 2500000, 2500000, 2500000, 2500000, 2500000, 1200000, 2500000, 1200000, 1200000, 1200000, 2500000, 2500000, 2500000, 2500000, 2500000, 2500000, 2500000, 2500000, 168426678750, 169545042342
Wed Apr  5 12:36:42 2023, 31.185163, parallel, 2500000, 2500000, 2500000, 2500000, 2500000, 2500000, 2500000, 2500000, 2500000, 2500000, 2500000, 1200000, 2500000, 1200000, 1200000, 1200000, 2500000, 2500000, 2500000, 2500000, 2500000, 2500000, 2500000, 2500000, 170610240604, 171227957346
Wed Apr  5 12:45:41 2023, 31.280745, parallel, 2500000, 2500000, 2500000, 2500000, 2500000, 2500000, 2500000, 2500000, 2500000, 2500000, 2500000, 1200000, 2500000, 1200000, 1200000, 1200000, 2500000, 2500000, 2500000, 2500000, 2500000, 2500000, 2500000, 2500000, 176980011895, 177591503311
Wed Apr  5 12:46:14 2023, 31.172792, parallel, 2500000, 2500000, 2500000, 2500000, 2500000, 2500000, 2500000, 2500000, 2500000, 2500000, 2500000, 1200000, 2500000, 1200000, 1200000, 1200000, 2500000, 2500000, 2500000, 2500000, 2500000, 2500000, 2500000, 2500000, 177632134432, 178708925072
Wed Apr  5 12:46:47 2023, 31.191389, parallel, 2500000, 2500000, 2500000, 2500000, 2500000, 2500000, 2500000, 2500000, 2500000, 2500000, 2500000, 1200000, 2500000, 1200000, 1200000, 1200000, 2500000, 2500000, 2500000, 2500000, 2500000, 2500000, 2500000, 2500000, 178757094382, 179374972744
Wed Apr  5 12:47:19 2023, 31.134940, parallel, 2500000, 2500000, 2500000, 2500000, 2500000, 2500000, 2500000, 2500000, 2500000, 2500000, 2500000, 1200000, 2500000, 1200000, 1200000, 1200000, 2500000, 2500000, 2500000, 2500000, 2500000, 2500000, 2500000, 2500000, 179409155457, 180521990865
Wed Apr  5 12:47:53 2023, 31.214390, parallel, 2500000, 2500000, 2500000, 2500000, 2500000, 2500000, 2500000, 2500000, 2500000, 2500000, 2500000, 1200000, 2500000, 1200000, 1200000, 1200000, 2500000, 2500000, 2500000, 2500000, 2500000, 2500000, 2500000, 2500000, 180577606567, 181205496378
Wed Apr  5 12:48:26 2023, 31.152704, parallel, 2500000, 2500000, 2500000, 2500000, 2500000, 2500000, 2500000, 2500000, 2500000, 2500000, 2500000, 1200000, 2500000, 1200000, 1200000, 1200000, 2500000, 2500000, 2500000, 2500000, 2500000, 2500000, 2500000, 2500000, 181243508915, 181890592647
Wed Apr  5 12:48:59 2023, 31.154539, parallel, 2500000, 2500000, 2500000, 2500000, 2500000, 2500000, 2500000, 2500000, 2500000, 2500000, 2500000, 1200000, 2500000, 1200000, 1200000, 1200000, 2500000, 2500000, 2500000, 2500000, 2500000, 2500000, 2500000, 2500000, 181939773185, 183056470461
Wed Apr  5 12:49:32 2023, 31.244997, parallel, 2500000, 2500000, 2500000, 2500000, 2500000, 2500000, 2500000, 2500000, 2500000, 2500000, 2500000, 1200000, 2500000, 1200000, 1200000, 1200000, 2500000, 2500000, 2500000, 2500000, 2500000, 2500000, 2500000, 2500000, 183102731756, 184057524661
Wed Apr  5 12:50:05 2023, 31.132063, parallel, 2500000, 2500000, 2500000, 2500000, 2500000, 2500000, 2500000, 2500000, 2500000, 2500000, 2500000, 1200000, 2500000, 1200000, 1200000, 1200000, 2500000, 2500000, 2500000, 2500000, 2500000, 2500000, 2500000, 2500000, 184112073959, 185232280320
Wed Apr  5 12:50:38 2023, 31.255446, parallel, 2500000, 2500000, 2500000, 2500000, 2500000, 2500000, 2500000, 2500000, 2500000, 2500000, 2500000, 1200000, 2500000, 1200000, 1200000, 1200000, 2500000, 2500000, 2500000, 2500000, 2500000, 2500000, 2500000, 2500000, 185281013655, 185903366981
Wed Apr  5 12:51:54 2023, 31.198455, ipdefaultparallel, 1200000, 1200000, 1200000, 1200000, 1200000, 1200000, 1200000, 1200000, 1200000, 1200000, 1200000, 1200000, 1200000, 1200000, 1200000, 1200000, 1200000, 1200000, 1200000, 1200000, 1200000, 1200000, 1200000, 1200000, 186471664232, 187088947503
Wed Apr  5 12:52:27 2023, 31.276098, ipdefaultparallel, 1200000, 1200000, 1200000, 1200000, 1200000, 1200000, 1200000, 1200000, 1200000, 1200000, 1200000, 1200000, 1200000, 1200000, 1200000, 1200000, 1200000, 1200000, 1200000, 1200000, 1200000, 1200000, 1200000, 1200000, 187109200503, 187728401372
Wed Apr  5 12:52:59 2023, 31.121623, ipdefaultparallel, 1200000, 1200000, 1200000, 1200000, 1200000, 1200000, 1200000, 1200000, 1200000, 1200000, 1200000, 1200000, 1200000, 1200000, 1200000, 1200000, 1200000, 1200000, 1200000, 1200000, 1200000, 1200000, 1200000, 1200000, 187743906276, 188359916234
Wed Apr  5 12:53:31 2023, 31.294209, ipdefaultparallel, 1200000, 1200000, 1200000, 1200000, 1200000, 1200000, 1200000, 1200000, 1200000, 1200000, 1200000, 1200000, 1200000, 1200000, 1200000, 1200000, 1200000, 1200000, 1200000, 1200000, 1200000, 1200000, 1200000, 1200000, 188383910253, 189499123889
Wed Apr  5 12:54:03 2023, 31.236003, ipdefaultparallel, 1200000, 1200000, 1200000, 1200000, 1200000, 1200000, 1200000, 1200000, 1200000, 1200000, 1200000, 1200000, 1200000, 1200000, 1200000, 1200000, 1200000, 1200000, 1200000, 1200000, 1200000, 1200000, 1200000, 1200000, 189523168505, 190141696951
Wed Apr  5 12:54:36 2023, 31.253363, ipdefaultparallel, 1200000, 1200000, 1200000, 1200000, 1200000, 1200000, 1200000, 1200000, 1200000, 1200000, 1200000, 1200000, 1200000, 1200000, 1200000, 1200000, 1200000, 1200000, 1200000, 1200000, 1200000, 1200000, 1200000, 1200000, 190163821528, 191282067811
Wed Apr  5 12:55:08 2023, 31.261659, ipdefaultparallel, 1200000, 1200000, 1200000, 1200000, 1200000, 1200000, 1200000, 1200000, 1200000, 1200000, 1200000, 1200000, 1200000, 1200000, 1200000, 1200000, 1200000, 1200000, 1200000, 1200000, 1200000, 1200000, 1200000, 1200000, 191303867865, 192423827828
Wed Apr  5 12:55:44 2023, 31.255731, ipdefaultparallel, 1200000, 1200000, 1200000, 1200000, 1200000, 1200000, 1200000, 1200000, 1200000, 1200000, 1200000, 1200000, 1200000, 1200000, 1200000, 1200000, 1200000, 1200000, 1200000, 1200000, 1200000, 1200000, 1200000, 1200000, 192492954421, 193112034318
Wed Apr  5 12:56:16 2023, 31.273741, ipdefaultparallel, 1200000, 1200000, 1200000, 1200000, 1200000, 1200000, 1200000, 1200000, 1200000, 1200000, 1200000, 1200000, 1200000, 1200000, 1200000, 1200000, 1200000, 1200000, 1200000, 1200000, 1200000, 1200000, 1200000, 1200000, 193129710603, 194248949254
Wed Apr  5 12:56:48 2023, 31.250979, ipdefaultparallel, 1200000, 1200000, 1200000, 1200000, 1200000, 1200000, 1200000, 1200000, 1200000, 1200000, 1200000, 1200000, 1200000, 1200000, 1200000, 1200000, 1200000, 1200000, 1200000, 1200000, 1200000, 1200000, 1200000, 1200000, 194275126738, 195395010529
Wed Apr  5 13:06:21 2023, 5.437830, ipdefaultmem, 1200000, 1200000, 1200000, 1200000, 1200000, 1200000, 1200000, 1200000, 1200000, 1200000, 1200000, 1200000, 1200000, 1200000, 1200000, 1200000, 1200000, 1200000, 1200000, 1200000, 1200000, 1200000, 1200000, 1200000, 201865851935, 201973313025
Wed Apr  5 13:06:27 2023, 5.356072, ipdefaultmem, 1200000, 1200000, 1200000, 1200000, 1200000, 1200000, 1200000, 1200000, 1200000, 1200000, 1200000, 1200000, 1200000, 1200000, 1200000, 1200000, 1200000, 1200000, 1200000, 1200000, 1200000, 1200000, 1200000, 1200000, 201989574580, 202180485285
Wed Apr  5 13:06:33 2023, 5.410076, ipdefaultmem, 1200000, 1200000, 1200000, 1200000, 1200000, 1200000, 1200000, 1200000, 1200000, 1200000, 1200000, 1200000, 1200000, 1200000, 1200000, 1200000, 1200000, 1200000, 1200000, 1200000, 1200000, 1200000, 1200000, 1200000, 202202085571, 202392762573
Wed Apr  5 13:06:39 2023, 5.348138, ipdefaultmem, 1200000, 1200000, 1200000, 1200000, 1200000, 1200000, 1200000, 1200000, 1200000, 1200000, 1200000, 1200000, 1200000, 1200000, 1200000, 1200000, 1200000, 1200000, 1200000, 1200000, 1200000, 1200000, 1200000, 1200000, 202410198808, 202602237806
Wed Apr  5 13:06:45 2023, 5.360332, ipdefaultmem, 1200000, 1200000, 1200000, 1200000, 1200000, 1200000, 1200000, 1200000, 1200000, 1200000, 1200000, 1200000, 1200000, 1200000, 1200000, 1200000, 1200000, 1200000, 1200000, 1200000, 1200000, 1200000, 1200000, 1200000, 202621781030, 202728428767
Wed Apr  5 13:06:51 2023, 5.389633, ipdefaultmem, 1200000, 1200000, 1200000, 1200000, 1200000, 1200000, 1200000, 1200000, 1200000, 1200000, 1200000, 1200000, 1200000, 1200000, 1200000, 1200000, 1200000, 1200000, 1200000, 1200000, 1200000, 1200000, 1200000, 1200000, 202744377335, 202938416206
Wed Apr  5 13:06:58 2023, 5.399639, ipdefaultmem, 1200000, 1200000, 1200000, 1200000, 1200000, 1200000, 1200000, 1200000, 1200000, 1200000, 1200000, 1200000, 1200000, 1200000, 1200000, 1200000, 1200000, 1200000, 1200000, 1200000, 1200000, 1200000, 1200000, 1200000, 202957767902, 203064960010
Wed Apr  5 13:07:04 2023, 5.335789, ipdefaultmem, 1200000, 1200000, 1200000, 1200000, 1200000, 1200000, 1200000, 1200000, 1200000, 1200000, 1200000, 1200000, 1200000, 1200000, 1200000, 1200000, 1200000, 1200000, 1200000, 1200000, 1200000, 1200000, 1200000, 1200000, 203082674137, 203188539101
Wed Apr  5 13:07:10 2023, 5.395750, ipdefaultmem, 1200000, 1200000, 1200000, 1200000, 1200000, 1200000, 1200000, 1200000, 1200000, 1200000, 1200000, 1200000, 1200000, 1200000, 1200000, 1200000, 1200000, 1200000, 1200000, 1200000, 1200000, 1200000, 1200000, 1200000, 203205476923, 203312357570
Wed Apr  5 13:07:16 2023, 5.396013, ipdefaultmem, 1200000, 1200000, 1200000, 1200000, 1200000, 1200000, 1200000, 1200000, 1200000, 1200000, 1200000, 1200000, 1200000, 1200000, 1200000, 1200000, 1200000, 1200000, 1200000, 1200000, 1200000, 1200000, 1200000, 1200000, 203329799298, 203437828135
Wed Apr  5 13:08:35 2023, 5.386085, mem, 1200000, 1200000, 1200000, 1200000, 1200000, 1200000, 1200000, 1200000, 1200000, 1200000, 1200000, 1200000, 1200000, 1200000, 1200000, 1200000, 1200000, 1200000, 1200000, 1200000, 1200000, 1200000, 1200000, 1200000, 204284080486, 204390607801
Wed Apr  5 13:08:47 2023, 10.113584, mem, 1200000, 1200000, 1200000, 1200000, 1200000, 1200000, 1200000, 1200000, 1200000, 1200000, 1200000, 1200000, 1200000, 1200000, 1200000, 1200000, 1200000, 1200000, 1200000, 1200000, 1200000, 1200000, 1200000, 1200000, 204432666226, 204657636902
Wed Apr  5 13:09:00 2023, 10.112664, mem, 1200000, 1200000, 1200000, 1200000, 1200000, 1200000, 1200000, 1200000, 1200000, 1200000, 1200000, 1200000, 1200000, 1200000, 1200000, 1200000, 1200000, 1200000, 1200000, 1200000, 1200000, 1200000, 1200000, 1200000, 204703294073, 204928640603
Wed Apr  5 13:09:07 2023, 5.365774, mem, 1200000, 1200000, 1200000, 1200000, 1200000, 1200000, 1200000, 1200000, 1200000, 1200000, 1200000, 1200000, 1200000, 1200000, 1200000, 1200000, 1200000, 1200000, 1200000, 1200000, 1200000, 1200000, 1200000, 1200000, 204973176378, 205079528828
Wed Apr  5 13:09:14 2023, 5.375333, mem, 1200000, 1200000, 1200000, 1200000, 1200000, 1200000, 1200000, 1200000, 1200000, 1200000, 1200000, 1200000, 1200000, 1200000, 1200000, 1200000, 1200000, 1200000, 1200000, 1200000, 1200000, 1200000, 1200000, 1200000, 205119258645, 205226024363
Wed Apr  5 13:09:22 2023, 5.361532, mem, 1200000, 1200000, 1200000, 1200000, 1200000, 1200000, 1200000, 1200000, 1200000, 1200000, 1200000, 1200000, 1200000, 1200000, 1200000, 1200000, 1200000, 1200000, 1200000, 1200000, 1200000, 1200000, 1200000, 1200000, 205268625328, 205374972956
Wed Apr  5 13:09:29 2023, 5.391606, mem, 1200000, 1200000, 1200000, 1200000, 1200000, 1200000, 1200000, 1200000, 1200000, 1200000, 1200000, 1200000, 1200000, 1200000, 1200000, 1200000, 1200000, 1200000, 1200000, 1200000, 1200000, 1200000, 1200000, 1200000, 205419549930, 205526592441
Wed Apr  5 13:09:37 2023, 5.374813, mem, 1200000, 1200000, 1200000, 1200000, 1200000, 1200000, 1200000, 1200000, 1200000, 1200000, 1200000, 1200000, 1200000, 1200000, 1200000, 1200000, 1200000, 1200000, 1200000, 1200000, 1200000, 1200000, 1200000, 1200000, 205577016751, 205683675352
Wed Apr  5 13:09:49 2023, 10.119665, mem, 1200000, 1200000, 1200000, 1200000, 1200000, 1200000, 1200000, 1200000, 1200000, 1200000, 1200000, 1200000, 1200000, 1200000, 1200000, 1200000, 1200000, 1200000, 1200000, 1200000, 1200000, 1200000, 1200000, 1200000, 205727309701, 205953750711
Wed Apr  5 13:10:01 2023, 10.106555, mem, 1200000, 1200000, 1200000, 1200000, 1200000, 1200000, 1200000, 1200000, 1200000, 1200000, 1200000, 1200000, 1200000, 1200000, 1200000, 1200000, 1200000, 1200000, 1200000, 1200000, 1200000, 1200000, 1200000, 1200000, 206000069745, 206225604812
Wed Apr  5 13:49:38 2023, 23.798244, parallel, 400000, 400000, 400000, 400000, 400000, 400000, 400000, 400000, ,
Wed Apr  5 13:53:23 2023, 31.162658, parallel, 2500000, 2500000, 2500000, 2500000, 2500000, 2500000, 2500000, 2500000, 2500000, 2500000, 2500000, 1200000, 2500000, 1200000, 1200000, 1200000, 2500000, 2500000, 2500000, 2500000, 2500000, 2500000, 2500000, 2500000, 235222606507, 235836490617
Wed Apr  5 13:53:56 2023, 31.221426, parallel, 2500000, 2500000, 2500000, 2500000, 2500000, 2500000, 2500000, 2500000, 2500000, 2500000, 2500000, 1200000, 2500000, 1200000, 1200000, 1200000, 2500000, 2500000, 2500000, 2500000, 2500000, 2500000, 2500000, 2500000, 235879729886, 236496141394
Wed Apr  5 13:54:29 2023, 31.195670, parallel, 2500000, 2500000, 2500000, 2500000, 2500000, 2500000, 2500000, 2500000, 2500000, 2500000, 2500000, 1200000, 2500000, 1200000, 1200000, 1200000, 2500000, 2500000, 2500000, 2500000, 2500000, 2500000, 2500000, 2500000, 236541244306, 237159777451
Wed Apr  5 13:55:02 2023, 31.171792, parallel, 2500000, 2500000, 2500000, 2500000, 2500000, 2500000, 2500000, 2500000, 2500000, 2500000, 2500000, 1200000, 2500000, 1200000, 1200000, 1200000, 2500000, 2500000, 2500000, 2500000, 2500000, 2500000, 2500000, 2500000, 237197366161, 238300263179
Wed Apr  5 13:55:40 2023, 31.164915, parallel, 2500000, 2500000, 2500000, 2500000, 2500000, 2500000, 2500000, 2500000, 2500000, 2500000, 2500000, 1200000, 2500000, 1200000, 1200000, 1200000, 2500000, 2500000, 2500000, 2500000, 2500000, 2500000, 2500000, 2500000, 238406759794, 239525605623
Wed Apr  5 13:56:13 2023, 31.132523, parallel, 2500000, 2500000, 2500000, 2500000, 2500000, 2500000, 2500000, 2500000, 2500000, 2500000, 2500000, 1200000, 2500000, 1200000, 1200000, 1200000, 2500000, 2500000, 2500000, 2500000, 2500000, 2500000, 2500000, 2500000, 239573086947, 240693441562
Wed Apr  5 13:56:46 2023, 31.285547, parallel, 2500000, 2500000, 2500000, 2500000, 2500000, 2500000, 2500000, 2500000, 2500000, 2500000, 2500000, 1200000, 2500000, 1200000, 1200000, 1200000, 2500000, 2500000, 2500000, 2500000, 2500000, 2500000, 2500000, 2500000, 240749525952, 241373917603
Wed Apr  5 13:57:19 2023, 31.135027, parallel, 2500000, 2500000, 2500000, 2500000, 2500000, 2500000, 2500000, 2500000, 2500000, 2500000, 2500000, 1200000, 2500000, 1200000, 1200000, 1200000, 2500000, 2500000, 2500000, 2500000, 2500000, 2500000, 2500000, 2500000, 241417181042, 242520778681
Wed Apr  5 13:57:52 2023, 31.158237, parallel, 2500000, 2500000, 2500000, 2500000, 2500000, 2500000, 2500000, 2500000, 2500000, 2500000, 2500000, 1200000, 2500000, 1200000, 1200000, 1200000, 2500000, 2500000, 2500000, 2500000, 2500000, 2500000, 2500000, 2500000, 242577639802, 243205112500
Wed Apr  5 13:58:25 2023, 31.110887, parallel, 2500000, 2500000, 2500000, 2500000, 2500000, 2500000, 2500000, 2500000, 2500000, 2500000, 2500000, 1200000, 2500000, 1200000, 1200000, 1200000, 2500000, 2500000, 2500000, 2500000, 2500000, 2500000, 2500000, 2500000, 243249247458, 243868568993
Wed Apr  5 13:58:58 2023, 31.247979, ipdefaultparallel, 1200000, 1200000, 1200000, 1200000, 1200000, 1200000, 1200000, 1200000, 1200000, 1200000, 1200000, 1200000, 1200000, 1200000, 1200000, 1200000, 1200000, 1200000, 1200000, 1200000, 1200000, 1200000, 1200000, 1200000, 243910631690, 245016445571
Wed Apr  5 13:59:30 2023, 31.227887, ipdefaultparallel, 1200000, 1200000, 1200000, 1200000, 1200000, 1200000, 1200000, 1200000, 1200000, 1200000, 1200000, 1200000, 1200000, 1200000, 1200000, 1200000, 1200000, 1200000, 1200000, 1200000, 1200000, 1200000, 1200000, 1200000, 245036563744, 245654734464
Wed Apr  5 14:00:03 2023, 31.260071, ipdefaultparallel, 1200000, 1200000, 1200000, 1200000, 1200000, 1200000, 1200000, 1200000, 1200000, 1200000, 1200000, 1200000, 1200000, 1200000, 1200000, 1200000, 1200000, 1200000, 1200000, 1200000, 1200000, 1200000, 1200000, 1200000, 245679406154, 246298107634
Wed Apr  5 14:00:35 2023, 31.263448, ipdefaultparallel, 1200000, 1200000, 1200000, 1200000, 1200000, 1200000, 1200000, 1200000, 1200000, 1200000, 1200000, 1200000, 1200000, 1200000, 1200000, 1200000, 1200000, 1200000, 1200000, 1200000, 1200000, 1200000, 1200000, 1200000, 246315097764, 246934274401
Wed Apr  5 14:01:08 2023, 31.206167, ipdefaultparallel, 1200000, 1200000, 1200000, 1200000, 1200000, 1200000, 1200000, 1200000, 1200000, 1200000, 1200000, 1200000, 1200000, 1200000, 1200000, 1200000, 1200000, 1200000, 1200000, 1200000, 1200000, 1200000, 1200000, 1200000, 246960552532, 247578125658
Wed Apr  5 14:01:40 2023, 31.288091, ipdefaultparallel, 1200000, 1200000, 1200000, 1200000, 1200000, 1200000, 1200000, 1200000, 1200000, 1200000, 1200000, 1200000, 1200000, 1200000, 1200000, 1200000, 1200000, 1200000, 1200000, 1200000, 1200000, 1200000, 1200000, 1200000, 247595741824, 248215044316
Wed Apr  5 14:02:12 2023, 31.293038, ipdefaultparallel, 1200000, 1200000, 1200000, 1200000, 1200000, 1200000, 1200000, 1200000, 1200000, 1200000, 1200000, 1200000, 1200000, 1200000, 1200000, 1200000, 1200000, 1200000, 1200000, 1200000, 1200000, 1200000, 1200000, 1200000, 248239051945, 249355277176
Wed Apr  5 14:02:44 2023, 31.266699, ipdefaultparallel, 1200000, 1200000, 1200000, 1200000, 1200000, 1200000, 1200000, 1200000, 1200000, 1200000, 1200000, 1200000, 1200000, 1200000, 1200000, 1200000, 1200000, 1200000, 1200000, 1200000, 1200000, 1200000, 1200000, 1200000, 249376046166, 250496182580
Wed Apr  5 14:03:17 2023, 31.269064, ipdefaultparallel, 1200000, 1200000, 1200000, 1200000, 1200000, 1200000, 1200000, 1200000, 1200000, 1200000, 1200000, 1200000, 1200000, 1200000, 1200000, 1200000, 1200000, 1200000, 1200000, 1200000, 1200000, 1200000, 1200000, 1200000, 250520584984, 251640128992
Wed Apr  5 14:03:49 2023, 31.273714, ipdefaultparallel, 1200000, 1200000, 1200000, 1200000, 1200000, 1200000, 1200000, 1200000, 1200000, 1200000, 1200000, 1200000, 1200000, 1200000, 1200000, 1200000, 1200000, 1200000, 1200000, 1200000, 1200000, 1200000, 1200000, 1200000, 251659040809, 252278338418
Wed Apr  5 14:04:01 2023, 10.112944, mem, 1200000, 1200000, 1200000, 1200000, 1200000, 1200000, 1200000, 1200000, 1200000, 1200000, 1200000, 1200000, 1200000, 1200000, 1200000, 1200000, 1200000, 1200000, 1200000, 1200000, 1200000, 1200000, 1200000, 1200000, 252310868120, 252536646961
Wed Apr  5 14:04:08 2023, 5.407120, mem, 1200000, 1200000, 1200000, 1200000, 1200000, 1200000, 1200000, 1200000, 1200000, 1200000, 1200000, 1200000, 1200000, 1200000, 1200000, 1200000, 1200000, 1200000, 1200000, 1200000, 1200000, 1200000, 1200000, 1200000, 252581304684, 252688557766
Wed Apr  5 14:04:20 2023, 10.116737, mem, 1200000, 1200000, 1200000, 1200000, 1200000, 1200000, 1200000, 1200000, 1200000, 1200000, 1200000, 1200000, 1200000, 1200000, 1200000, 1200000, 1200000, 1200000, 1200000, 1200000, 1200000, 1200000, 1200000, 1200000, 252733597385, 252959543278
Wed Apr  5 14:04:28 2023, 5.385596, mem, 1200000, 1200000, 1200000, 1200000, 1200000, 1200000, 1200000, 1200000, 1200000, 1200000, 1200000, 1200000, 1200000, 1200000, 1200000, 1200000, 1200000, 1200000, 1200000, 1200000, 1200000, 1200000, 1200000, 1200000, 253004617015, 253111476422
Wed Apr  5 14:04:40 2023, 10.114395, mem, 1200000, 1200000, 1200000, 1200000, 1200000, 1200000, 1200000, 1200000, 1200000, 1200000, 1200000, 1200000, 1200000, 1200000, 1200000, 1200000, 1200000, 1200000, 1200000, 1200000, 1200000, 1200000, 1200000, 1200000, 253154693658, 253380485560
Wed Apr  5 14:04:52 2023, 10.109106, mem, 1200000, 1200000, 1200000, 1200000, 1200000, 1200000, 1200000, 1200000, 1200000, 1200000, 1200000, 1200000, 1200000, 1200000, 1200000, 1200000, 1200000, 1200000, 1200000, 1200000, 1200000, 1200000, 1200000, 1200000, 253425614961, 253651564700
Wed Apr  5 14:05:05 2023, 10.107694, mem, 1200000, 1200000, 1200000, 1200000, 1200000, 1200000, 1200000, 1200000, 1200000, 1200000, 1200000, 1200000, 1200000, 1200000, 1200000, 1200000, 1200000, 1200000, 1200000, 1200000, 1200000, 1200000, 1200000, 1200000, 253703448845, 253930267417
Wed Apr  5 14:05:17 2023, 10.110900, mem, 1200000, 1200000, 1200000, 1200000, 1200000, 1200000, 1200000, 1200000, 1200000, 1200000, 1200000, 1200000, 1200000, 1200000, 1200000, 1200000, 1200000, 1200000, 1200000, 1200000, 1200000, 1200000, 1200000, 1200000, 253976281703, 254202099851
Wed Apr  5 14:05:30 2023, 10.118668, mem, 1200000, 1200000, 1200000, 1200000, 1200000, 1200000, 1200000, 1200000, 1200000, 1200000, 1200000, 1200000, 1200000, 1200000, 1200000, 1200000, 1200000, 1200000, 1200000, 1200000, 1200000, 1200000, 1200000, 1200000, 254247400333, 254473697788
Wed Apr  5 14:05:42 2023, 10.105025, mem, 1200000, 1200000, 1200000, 1200000, 1200000, 1200000, 1200000, 1200000, 1200000, 1200000, 1200000, 1200000, 1200000, 1200000, 1200000, 1200000, 1200000, 1200000, 1200000, 1200000, 1200000, 1200000, 1200000, 1200000, 254519687844, 254745432383
Wed Apr  5 14:05:49 2023, 5.414160, ipdefaultmem, 1200000, 1200000, 1200000, 1200000, 1200000, 1200000, 1200000, 1200000, 1200000, 1200000, 1200000, 1200000, 1200000, 1200000, 1200000, 1200000, 1200000, 1200000, 1200000, 1200000, 1200000, 1200000, 1200000, 1200000, 254782289650, 254976391875
Wed Apr  5 14:05:55 2023, 5.240096, ipdefaultmem, 1200000, 1200000, 1200000, 1200000, 1200000, 1200000, 1200000, 1200000, 1200000, 1200000, 1200000, 1200000, 1200000, 1200000, 1200000, 1200000, 1200000, 1200000, 1200000, 1200000, 1200000, 1200000, 1200000, 1200000, 254996874611, 255191793057
Wed Apr  5 14:06:01 2023, 5.352187, ipdefaultmem, 1200000, 1200000, 1200000, 1200000, 1200000, 1200000, 1200000, 1200000, 1200000, 1200000, 1200000, 1200000, 1200000, 1200000, 1200000, 1200000, 1200000, 1200000, 1200000, 1200000, 1200000, 1200000, 1200000, 1200000, 255218519429, 255412713146
Wed Apr  5 14:06:08 2023, 5.342652, ipdefaultmem, 1200000, 1200000, 1200000, 1200000, 1200000, 1200000, 1200000, 1200000, 1200000, 1200000, 1200000, 1200000, 1200000, 1200000, 1200000, 1200000, 1200000, 1200000, 1200000, 1200000, 1200000, 1200000, 1200000, 1200000, 255432926900, 255627417674
Wed Apr  5 14:06:14 2023, 5.375693, ipdefaultmem, 1200000, 1200000, 1200000, 1200000, 1200000, 1200000, 1200000, 1200000, 1200000, 1200000, 1200000, 1200000, 1200000, 1200000, 1200000, 1200000, 1200000, 1200000, 1200000, 1200000, 1200000, 1200000, 1200000, 1200000, 255647408956, 255841745739
Wed Apr  5 14:06:20 2023, 5.373064, ipdefaultmem, 1200000, 1200000, 1200000, 1200000, 1200000, 1200000, 1200000, 1200000, 1200000, 1200000, 1200000, 1200000, 1200000, 1200000, 1200000, 1200000, 1200000, 1200000, 1200000, 1200000, 1200000, 1200000, 1200000, 1200000, 255862566608, 256057644600
Wed Apr  5 14:06:26 2023, 5.365849, ipdefaultmem, 1200000, 1200000, 1200000, 1200000, 1200000, 1200000, 1200000, 1200000, 1200000, 1200000, 1200000, 1200000, 1200000, 1200000, 1200000, 1200000, 1200000, 1200000, 1200000, 1200000, 1200000, 1200000, 1200000, 1200000, 256080044872, 256186589583
Wed Apr  5 14:06:32 2023, 5.380466, ipdefaultmem, 1200000, 1200000, 1200000, 1200000, 1200000, 1200000, 1200000, 1200000, 1200000, 1200000, 1200000, 1200000, 1200000, 1200000, 1200000, 1200000, 1200000, 1200000, 1200000, 1200000, 1200000, 1200000, 1200000, 1200000, 256204669004, 256311480620
Wed Apr  5 14:06:38 2023, 5.359976, ipdefaultmem, 1200000, 1200000, 1200000, 1200000, 1200000, 1200000, 1200000, 1200000, 1200000, 1200000, 1200000, 1200000, 1200000, 1200000, 1200000, 1200000, 1200000, 1200000, 1200000, 1200000, 1200000, 1200000, 1200000, 1200000, 256328746140, 256435055743
Wed Apr  5 14:06:44 2023, 5.270150, ipdefaultmem, 1200000, 1200000, 1200000, 1200000, 1200000, 1200000, 1200000, 1200000, 1200000, 1200000, 1200000, 1200000, 1200000, 1200000, 1200000, 1200000, 1200000, 1200000, 1200000, 1200000, 1200000, 1200000, 1200000, 1200000, 256449143049, 256553704548
Wed Apr  5 14:25:35 2023, 7.576217, mem, 1200000, 1200000, 1200000, 1200000, 1200000, 1200000, 1200000, 1200000, 1200000, 1200000, 1200000, 1200000, 1200000, 1200000, 1200000, 1200000, 1200000, 1200000, 1200000, 1200000, 1200000, 1200000, 1200000, 1200000, 7048927938, 7239262473
Wed Apr  5 14:25:45 2023, 7.586472, mem, 1200000, 1200000, 1200000, 1200000, 1200000, 1200000, 1200000, 1200000, 1200000, 1200000, 1200000, 1200000, 1200000, 1200000, 1200000, 1200000, 1200000, 1200000, 1200000, 1200000, 1200000, 1200000, 1200000, 1200000, 7283591888, 7474620391
Wed Apr  5 14:25:52 2023, 5.350399, mem, 1200000, 1200000, 1200000, 1200000, 1200000, 1200000, 1200000, 1200000, 1200000, 1200000, 1200000, 1200000, 1200000, 1200000, 1200000, 1200000, 1200000, 1200000, 1200000, 1200000, 1200000, 1200000, 1200000, 1200000, 7519699987, 7625773263
Wed Apr  5 14:26:02 2023, 7.585932, mem, 1200000, 1200000, 1200000, 1200000, 1200000, 1200000, 1200000, 1200000, 1200000, 1200000, 1200000, 1200000, 1200000, 1200000, 1200000, 1200000, 1200000, 1200000, 1200000, 1200000, 1200000, 1200000, 1200000, 1200000, 7668759664, 7861696365
Wed Apr  5 14:26:09 2023, 5.386756, mem, 1200000, 1200000, 1200000, 1200000, 1200000, 1200000, 1200000, 1200000, 1200000, 1200000, 1200000, 1200000, 1200000, 1200000, 1200000, 1200000, 1200000, 1200000, 1200000, 1200000, 1200000, 1200000, 1200000, 1200000, 7906602561, 8013351311
Wed Apr  5 14:26:17 2023, 5.368477, mem, 1200000, 1200000, 1200000, 1200000, 1200000, 1200000, 1200000, 1200000, 1200000, 1200000, 1200000, 1200000, 1200000, 1200000, 1200000, 1200000, 1200000, 1200000, 1200000, 1200000, 1200000, 1200000, 1200000, 1200000, 8057334780, 8163708715
Wed Apr  5 14:26:26 2023, 7.588710, mem, 1200000, 1200000, 1200000, 1200000, 1200000, 1200000, 1200000, 1200000, 1200000, 1200000, 1200000, 1200000, 1200000, 1200000, 1200000, 1200000, 1200000, 1200000, 1200000, 1200000, 1200000, 1200000, 1200000, 1200000, 8205614857, 8399940410
Wed Apr  5 14:26:34 2023, 5.385991, mem, 1200000, 1200000, 1200000, 1200000, 1200000, 1200000, 1200000, 1200000, 1200000, 1200000, 1200000, 1200000, 1200000, 1200000, 1200000, 1200000, 1200000, 1200000, 1200000, 1200000, 1200000, 1200000, 1200000, 1200000, 8452992520, 8559243591
Wed Apr  5 14:26:44 2023, 7.582396, mem, 1200000, 1200000, 1200000, 1200000, 1200000, 1200000, 1200000, 1200000, 1200000, 1200000, 1200000, 1200000, 1200000, 1200000, 1200000, 1200000, 1200000, 1200000, 1200000, 1200000, 1200000, 1200000, 1200000, 1200000, 8602088452, 8793582712
Wed Apr  5 14:26:54 2023, 7.585703, mem, 1200000, 1200000, 1200000, 1200000, 1200000, 1200000, 1200000, 1200000, 1200000, 1200000, 1200000, 1200000, 1200000, 1200000, 1200000, 1200000, 1200000, 1200000, 1200000, 1200000, 1200000, 1200000, 1200000, 1200000, 8838418718, 8985049202
Wed Apr  5 14:27:08 2023, 5.398405, ipdefaultmem, 1200000, 1200000, 1200000, 1200000, 1200000, 1200000, 1200000, 1200000, 1200000, 1200000, 1200000, 1200000, 1200000, 1200000, 1200000, 1200000, 1200000, 1200000, 1200000, 1200000, 1200000, 1200000, 1200000, 1200000, 9103089427, 9210736979
Wed Apr  5 14:28:50 2023, 5.400222, ipdefaultmem, 1200000, 1200000, 1200000, 1200000, 1200000, 1200000, 1200000, 1200000, 1200000, 1200000, 1200000, 1200000, 1200000, 1200000, 1200000, 1200000, 1200000, 1200000, 1200000, 1200000, 1200000, 1200000, 1200000, 1200000, 10313404139, 10502475921
Wed Apr  5 14:28:57 2023, 5.344224, ipdefaultmem, 1200000, 1200000, 1200000, 1200000, 1200000, 1200000, 1200000, 1200000, 1200000, 1200000, 1200000, 1200000, 1200000, 1200000, 1200000, 1200000, 1200000, 1200000, 1200000, 1200000, 1200000, 1200000, 1200000, 1200000, 10520988630, 10626157489
Wed Apr  5 14:29:03 2023, 5.374221, ipdefaultmem, 1200000, 1200000, 1200000, 1200000, 1200000, 1200000, 1200000, 1200000, 1200000, 1200000, 1200000, 1200000, 1200000, 1200000, 1200000, 1200000, 1200000, 1200000, 1200000, 1200000, 1200000, 1200000, 1200000, 1200000, 10641128337, 10831331707
Wed Apr  5 14:29:09 2023, 5.402518, ipdefaultmem, 1200000, 1200000, 1200000, 1200000, 1200000, 1200000, 1200000, 1200000, 1200000, 1200000, 1200000, 1200000, 1200000, 1200000, 1200000, 1200000, 1200000, 1200000, 1200000, 1200000, 1200000, 1200000, 1200000, 1200000, 10852789233, 10959209310
Wed Apr  5 14:29:15 2023, 5.380096, ipdefaultmem, 1200000, 1200000, 1200000, 1200000, 1200000, 1200000, 1200000, 1200000, 1200000, 1200000, 1200000, 1200000, 1200000, 1200000, 1200000, 1200000, 1200000, 1200000, 1200000, 1200000, 1200000, 1200000, 1200000, 1200000, 10976052589, 11166836403
Wed Apr  5 14:29:21 2023, 5.397410, ipdefaultmem, 1200000, 1200000, 1200000, 1200000, 1200000, 1200000, 1200000, 1200000, 1200000, 1200000, 1200000, 1200000, 1200000, 1200000, 1200000, 1200000, 1200000, 1200000, 1200000, 1200000, 1200000, 1200000, 1200000, 1200000, 11185300955, 11292872579
Wed Apr  5 14:29:27 2023, 5.364298, ipdefaultmem, 1200000, 1200000, 1200000, 1200000, 1200000, 1200000, 1200000, 1200000, 1200000, 1200000, 1200000, 1200000, 1200000, 1200000, 1200000, 1200000, 1200000, 1200000, 1200000, 1200000, 1200000, 1200000, 1200000, 1200000, 11309876503, 11416378061
Wed Apr  5 14:29:34 2023, 5.384944, ipdefaultmem, 1200000, 1200000, 1200000, 1200000, 1200000, 1200000, 1200000, 1200000, 1200000, 1200000, 1200000, 1200000, 1200000, 1200000, 1200000, 1200000, 1200000, 1200000, 1200000, 1200000, 1200000, 1200000, 1200000, 1200000, 11430775058, 11623094390
Wed Apr  5 14:29:40 2023, 5.381358, ipdefaultmem, 1200000, 1200000, 1200000, 1200000, 1200000, 1200000, 1200000, 1200000, 1200000, 1200000, 1200000, 1200000, 1200000, 1200000, 1200000, 1200000, 1200000, 1200000, 1200000, 1200000, 1200000, 1200000, 1200000, 1200000, 11642056988, 11836108737
Wed Apr  5 14:29:46 2023, 5.390527, ipdefaultmem, 1200000, 1200000, 1200000, 1200000, 1200000, 1200000, 1200000, 1200000, 1200000, 1200000, 1200000, 1200000, 1200000, 1200000, 1200000, 1200000, 1200000, 1200000, 1200000, 1200000, 1200000, 1200000, 1200000, 1200000, 11856190595, 11963066420
Wed Apr  5 15:13:12 2023, 5.372447, mem, 1200000, 1200000, 1200000, 1200000, 1200000, 1200000, 1200000, 1200000, 1200000, 1200000, 1200000, 1200000, 1200000, 1200000, 1200000, 1200000, 1200000, 1200000, 1200000, 1200000, 1200000, 1200000, 1200000, 1200000, 41779362038, 41884927625
Wed Apr  5 15:14:03 2023, 7.580001, mem, 1200000, 1200000, 1200000, 1200000, 1200000, 1200000, 1200000, 1200000, 1200000, 1200000, 1200000, 1200000, 1200000, 1200000, 1200000, 1200000, 1200000, 1200000, 1200000, 1200000, 1200000, 1200000, 1200000, 1200000, 42403267118, 42594368680
Wed Apr  5 15:14:49 2023, 7.581352, mem, 1200000, 1200000, 1200000, 1200000, 1200000, 1200000, 1200000, 1200000, 1200000, 1200000, 1200000, 1200000, 1200000, 1200000, 1200000, 1200000, 1200000, 1200000, 1200000, 1200000, 1200000, 1200000, 1200000, 1200000, 43067470496, 43260623444
, mem, 1200000, 1200000, 1200000, 1200000, 1200000, 1200000, 1200000, 1200000, 1200000, 1200000, 1200000, 1200000, 1200000, 1200000, 1200000, 1200000, 1200000, 1200000, 1200000, 1200000, 1200000, 1200000, 1200000, 1200000, 44312571190, 44332883944
, mem, 1200000, 1200000, 1200000, 1200000, 1200000, 1200000, 1200000, 1200000, 1200000, 1200000, 1200000, 1200000, 1200000, 1200000, 1200000, 1200000, 1200000, 1200000, 1200000, 1200000, 1200000, 1200000, 1200000, 1200000, 44620716764, 44643469696
, mem, 1200000, 1200000, 1200000, 1200000, 1200000, 1200000, 1200000, 1200000, 1200000, 1200000, 1200000, 1200000, 1200000, 1200000, 1200000, 1200000, 1200000, 1200000, 1200000, 1200000, 1200000, 1200000, 1200000, 1200000, 45844183663, 45862175073
Wed Apr  5 15:20:19 2023, 1.674750, mem, 1200000, 1200000, 1200000, 1200000, 1200000, 1200000, 1200000, 1200000, 1200000, 1200000, 1200000, 1200000, 1200000, 1200000, 1200000, 1200000, 1200000, 1200000, 1200000, 1200000, 1200000, 1200000, 1200000, 1200000, 47102166588, 47134956787
Wed Apr  5 15:20:31 2023, 1.670541, mem, 1200000, 1200000, 1200000, 1200000, 1200000, 1200000, 1200000, 1200000, 1200000, 1200000, 1200000, 1200000, 1200000, 1200000, 1200000, 1200000, 1200000, 1200000, 1200000, 1200000, 1200000, 1200000, 1200000, 1200000, 47277767945, 47319514970
Wed Apr  5 15:21:05 2023, 4.985542, mem, 1200000, 1200000, 1200000, 1200000, 1200000, 1200000, 1200000, 1200000, 1200000, 1200000, 1200000, 1200000, 1200000, 1200000, 1200000, 1200000, 1200000, 1200000, 1200000, 1200000, 1200000, 1200000, 1200000, 1200000, 47686377312, 47811573341
Wed Apr  5 15:21:18 2023, 4.986962, mem, 1200000, 1200000, 1200000, 1200000, 1200000, 1200000, 1200000, 1200000, 1200000, 1200000, 1200000, 1200000, 1200000, 1200000, 1200000, 1200000, 1200000, 1200000, 1200000, 1200000, 1200000, 1200000, 1200000, 1200000, 47923905085, 48048147687
Wed Apr  5 15:21:27 2023, 4.976914, mem, 1200000, 1200000, 1200000, 1200000, 1200000, 1200000, 1200000, 1200000, 1200000, 1200000, 1200000, 1200000, 1200000, 1200000, 1200000, 1200000, 1200000, 1200000, 1200000, 1200000, 1200000, 1200000, 1200000, 1200000, 48118018846, 48241826879
Wed Apr  5 15:22:27 2023, 3.555094, mem, 1200000, 1200000, 1200000, 1200000, 1200000, 1200000, 1200000, 1200000, 1200000, 1200000, 1200000, 1200000, 1200000, 1200000, 1200000, 1200000, 1200000, 1200000, 1200000, 1200000, 1200000, 1200000, 1200000, 1200000, 48912103483, 48982147798
Wed Apr  5 15:22:33 2023, 3.557817, mem, 1200000, 1200000, 1200000, 1200000, 1200000, 1200000, 1200000, 1200000, 1200000, 1200000, 1200000, 1200000, 1200000, 1200000, 1200000, 1200000, 1200000, 1200000, 1200000, 1200000, 1200000, 1200000, 1200000, 1200000, 49021951712, 49091992732
Wed Apr  5 15:22:38 2023, 3.532413, mem, 1200000, 1200000, 1200000, 1200000, 1200000, 1200000, 1200000, 1200000, 1200000, 1200000, 1200000, 1200000, 1200000, 1200000, 1200000, 1200000, 1200000, 1200000, 1200000, 1200000, 1200000, 1200000, 1200000, 1200000, 49132484327, 49201697956
Wed Apr  5 15:22:44 2023, 3.581612, mem, 1200000, 1200000, 1200000, 1200000, 1200000, 1200000, 1200000, 1200000, 1200000, 1200000, 1200000, 1200000, 1200000, 1200000, 1200000, 1200000, 1200000, 1200000, 1200000, 1200000, 1200000, 1200000, 1200000, 1200000, 49241462930, 49312184429
Wed Apr  5 15:22:49 2023, 3.567723, mem, 1200000, 1200000, 1200000, 1200000, 1200000, 1200000, 1200000, 1200000, 1200000, 1200000, 1200000, 1200000, 1200000, 1200000, 1200000, 1200000, 1200000, 1200000, 1200000, 1200000, 1200000, 1200000, 1200000, 1200000, 49355770621, 49426601494
Wed Apr  5 15:22:56 2023, 5.006734, mem, 1200000, 1200000, 1200000, 1200000, 1200000, 1200000, 1200000, 1200000, 1200000, 1200000, 1200000, 1200000, 1200000, 1200000, 1200000, 1200000, 1200000, 1200000, 1200000, 1200000, 1200000, 1200000, 1200000, 1200000, 49466949353, 49591503477
Wed Apr  5 15:23:03 2023, 4.994115, mem, 1200000, 1200000, 1200000, 1200000, 1200000, 1200000, 1200000, 1200000, 1200000, 1200000, 1200000, 1200000, 1200000, 1200000, 1200000, 1200000, 1200000, 1200000, 1200000, 1200000, 1200000, 1200000, 1200000, 1200000, 49631859697, 49725819600
Wed Apr  5 15:23:09 2023, 3.541498, mem, 1200000, 1200000, 1200000, 1200000, 1200000, 1200000, 1200000, 1200000, 1200000, 1200000, 1200000, 1200000, 1200000, 1200000, 1200000, 1200000, 1200000, 1200000, 1200000, 1200000, 1200000, 1200000, 1200000, 1200000, 49765924967, 49836070234
Wed Apr  5 15:23:16 2023, 4.983381, mem, 1200000, 1200000, 1200000, 1200000, 1200000, 1200000, 1200000, 1200000, 1200000, 1200000, 1200000, 1200000, 1200000, 1200000, 1200000, 1200000, 1200000, 1200000, 1200000, 1200000, 1200000, 1200000, 1200000, 1200000, 49876772583, 50001074938
Wed Apr  5 15:23:22 2023, 3.573361, mem, 1200000, 1200000, 1200000, 1200000, 1200000, 1200000, 1200000, 1200000, 1200000, 1200000, 1200000, 1200000, 1200000, 1200000, 1200000, 1200000, 1200000, 1200000, 1200000, 1200000, 1200000, 1200000, 1200000, 1200000, 50046559319, 50118225761
Wed Apr  5 15:24:20 2023, 3.567651, ipdefaultmem, 1200000, 1200000, 1200000, 1200000, 1200000, 1200000, 1200000, 1200000, 1200000, 1200000, 1200000, 1200000, 1200000, 1200000, 1200000, 1200000, 1200000, 1200000, 1200000, 1200000, 1200000, 1200000, 1200000, 1200000, 50754379040, 50824114091
Wed Apr  5 15:24:25 2023, 3.602478, ipdefaultmem, 1200000, 1200000, 1200000, 1200000, 1200000, 1200000, 1200000, 1200000, 1200000, 1200000, 1200000, 1200000, 1200000, 1200000, 1200000, 1200000, 1200000, 1200000, 1200000, 1200000, 1200000, 1200000, 1200000, 1200000, 50842418304, 50966104145
Wed Apr  5 15:24:29 2023, 3.579172, ipdefaultmem, 1200000, 1200000, 1200000, 1200000, 1200000, 1200000, 1200000, 1200000, 1200000, 1200000, 1200000, 1200000, 1200000, 1200000, 1200000, 1200000, 1200000, 1200000, 1200000, 1200000, 1200000, 1200000, 1200000, 1200000, 50985140717, 51108035667
Wed Apr  5 15:24:33 2023, 3.642400, ipdefaultmem, 1200000, 1200000, 1200000, 1200000, 1200000, 1200000, 1200000, 1200000, 1200000, 1200000, 1200000, 1200000, 1200000, 1200000, 1200000, 1200000, 1200000, 1200000, 1200000, 1200000, 1200000, 1200000, 1200000, 1200000, 51129320585, 51201588406
Wed Apr  5 15:24:38 2023, 3.597337, ipdefaultmem, 1200000, 1200000, 1200000, 1200000, 1200000, 1200000, 1200000, 1200000, 1200000, 1200000, 1200000, 1200000, 1200000, 1200000, 1200000, 1200000, 1200000, 1200000, 1200000, 1200000, 1200000, 1200000, 1200000, 1200000, 51218649641, 51290201033
Wed Apr  5 15:24:42 2023, 3.598336, ipdefaultmem, 1200000, 1200000, 1200000, 1200000, 1200000, 1200000, 1200000, 1200000, 1200000, 1200000, 1200000, 1200000, 1200000, 1200000, 1200000, 1200000, 1200000, 1200000, 1200000, 1200000, 1200000, 1200000, 1200000, 1200000, 51306919618, 51378448487
Wed Apr  5 15:24:47 2023, 3.618677, ipdefaultmem, 1200000, 1200000, 1200000, 1200000, 1200000, 1200000, 1200000, 1200000, 1200000, 1200000, 1200000, 1200000, 1200000, 1200000, 1200000, 1200000, 1200000, 1200000, 1200000, 1200000, 1200000, 1200000, 1200000, 1200000, 51395756060, 51468801833
Wed Apr  5 15:24:51 2023, 3.617542, ipdefaultmem, 1200000, 1200000, 1200000, 1200000, 1200000, 1200000, 1200000, 1200000, 1200000, 1200000, 1200000, 1200000, 1200000, 1200000, 1200000, 1200000, 1200000, 1200000, 1200000, 1200000, 1200000, 1200000, 1200000, 1200000, 51486767790, 51610927140
Wed Apr  5 15:24:56 2023, 3.589881, ipdefaultmem, 1200000, 1200000, 1200000, 1200000, 1200000, 1200000, 1200000, 1200000, 1200000, 1200000, 1200000, 1200000, 1200000, 1200000, 1200000, 1200000, 1200000, 1200000, 1200000, 1200000, 1200000, 1200000, 1200000, 1200000, 51633368916, 51704681539
Wed Apr  5 15:25:00 2023, 3.601609, ipdefaultmem, 1200000, 1200000, 1200000, 1200000, 1200000, 1200000, 1200000, 1200000, 1200000, 1200000, 1200000, 1200000, 1200000, 1200000, 1200000, 1200000, 1200000, 1200000, 1200000, 1200000, 1200000, 1200000, 1200000, 1200000, 51721175759, 51844941617
Wed Apr  5 15:30:04 2023, 6.322625, mem, 1200000, 1200000, 1200000, 1200000, 1200000, 1200000, 1200000, 1200000, 1200000, 1200000, 1200000, 1200000, 1200000, 1200000, 1200000, 1200000, 1200000, 1200000, 1200000, 1200000, 1200000, 1200000, 1200000, 1200000, 55252419222, 55409501950
Wed Apr  5 15:30:10 2023, 3.577235, mem, 1200000, 1200000, 1200000, 1200000, 1200000, 1200000, 1200000, 1200000, 1200000, 1200000, 1200000, 1200000, 1200000, 1200000, 1200000, 1200000, 1200000, 1200000, 1200000, 1200000, 1200000, 1200000, 1200000, 1200000, 55455164369, 55526017704
Wed Apr  5 15:30:17 2023, 4.967728, mem, 1200000, 1200000, 1200000, 1200000, 1200000, 1200000, 1200000, 1200000, 1200000, 1200000, 1200000, 1200000, 1200000, 1200000, 1200000, 1200000, 1200000, 1200000, 1200000, 1200000, 1200000, 1200000, 1200000, 1200000, 55571296091, 55696412897
Wed Apr  5 15:30:22 2023, 3.598482, mem, 1200000, 1200000, 1200000, 1200000, 1200000, 1200000, 1200000, 1200000, 1200000, 1200000, 1200000, 1200000, 1200000, 1200000, 1200000, 1200000, 1200000, 1200000, 1200000, 1200000, 1200000, 1200000, 1200000, 1200000, 55742510130, 55814721310
Wed Apr  5 15:30:29 2023, 4.955944, mem, 1200000, 1200000, 1200000, 1200000, 1200000, 1200000, 1200000, 1200000, 1200000, 1200000, 1200000, 1200000, 1200000, 1200000, 1200000, 1200000, 1200000, 1200000, 1200000, 1200000, 1200000, 1200000, 1200000, 1200000, 55858110909, 55981479855
Wed Apr  5 15:30:37 2023, 4.942854, mem, 1200000, 1200000, 1200000, 1200000, 1200000, 1200000, 1200000, 1200000, 1200000, 1200000, 1200000, 1200000, 1200000, 1200000, 1200000, 1200000, 1200000, 1200000, 1200000, 1200000, 1200000, 1200000, 1200000, 1200000, 56026996829, 56151591420
Wed Apr  5 15:30:44 2023, 4.960378, mem, 1200000, 1200000, 1200000, 1200000, 1200000, 1200000, 1200000, 1200000, 1200000, 1200000, 1200000, 1200000, 1200000, 1200000, 1200000, 1200000, 1200000, 1200000, 1200000, 1200000, 1200000, 1200000, 1200000, 1200000, 56196499691, 56320781660
Wed Apr  5 15:30:51 2023, 4.984408, mem, 1200000, 1200000, 1200000, 1200000, 1200000, 1200000, 1200000, 1200000, 1200000, 1200000, 1200000, 1200000, 1200000, 1200000, 1200000, 1200000, 1200000, 1200000, 1200000, 1200000, 1200000, 1200000, 1200000, 1200000, 56365832998, 56490717199
Wed Apr  5 15:30:56 2023, 3.585934, mem, 1200000, 1200000, 1200000, 1200000, 1200000, 1200000, 1200000, 1200000, 1200000, 1200000, 1200000, 1200000, 1200000, 1200000, 1200000, 1200000, 1200000, 1200000, 1200000, 1200000, 1200000, 1200000, 1200000, 1200000, 56535094649, 56605720384
Wed Apr  5 15:31:04 2023, 4.973062, mem, 1200000, 1200000, 1200000, 1200000, 1200000, 1200000, 1200000, 1200000, 1200000, 1200000, 1200000, 1200000, 1200000, 1200000, 1200000, 1200000, 1200000, 1200000, 1200000, 1200000, 1200000, 1200000, 1200000, 1200000, 56656353738, 56780561916
Wed Apr  5 15:31:11 2023, 4.921377, mem, 1200000, 1200000, 1200000, 1200000, 1200000, 1200000, 1200000, 1200000, 1200000, 1200000, 1200000, 1200000, 1200000, 1200000, 1200000, 1200000, 1200000, 1200000, 1200000, 1200000, 1200000, 1200000, 1200000, 1200000, 56825669894, 56948625085
Wed Apr  5 15:31:18 2023, 5.013132, mem, 1200000, 1200000, 1200000, 1200000, 1200000, 1200000, 1200000, 1200000, 1200000, 1200000, 1200000, 1200000, 1200000, 1200000, 1200000, 1200000, 1200000, 1200000, 1200000, 1200000, 1200000, 1200000, 1200000, 1200000, 56991444372, 57116796773
Wed Apr  5 15:31:25 2023, 5.000093, mem, 1200000, 1200000, 1200000, 1200000, 1200000, 1200000, 1200000, 1200000, 1200000, 1200000, 1200000, 1200000, 1200000, 1200000, 1200000, 1200000, 1200000, 1200000, 1200000, 1200000, 1200000, 1200000, 1200000, 1200000, 57155334577, 57280197112
Wed Apr  5 15:31:32 2023, 5.006502, mem, 1200000, 1200000, 1200000, 1200000, 1200000, 1200000, 1200000, 1200000, 1200000, 1200000, 1200000, 1200000, 1200000, 1200000, 1200000, 1200000, 1200000, 1200000, 1200000, 1200000, 1200000, 1200000, 1200000, 1200000, 57319605885, 57444587499
Wed Apr  5 15:31:38 2023, 3.529708, mem, 1200000, 1200000, 1200000, 1200000, 1200000, 1200000, 1200000, 1200000, 1200000, 1200000, 1200000, 1200000, 1200000, 1200000, 1200000, 1200000, 1200000, 1200000, 1200000, 1200000, 1200000, 1200000, 1200000, 1200000, 57484406184, 57554504881
Wed Apr  5 15:31:43 2023, 3.576897, mem, 1200000, 1200000, 1200000, 1200000, 1200000, 1200000, 1200000, 1200000, 1200000, 1200000, 1200000, 1200000, 1200000, 1200000, 1200000, 1200000, 1200000, 1200000, 1200000, 1200000, 1200000, 1200000, 1200000, 1200000, 57591234524, 57661867399
Wed Apr  5 15:31:49 2023, 3.572325, mem, 1200000, 1200000, 1200000, 1200000, 1200000, 1200000, 1200000, 1200000, 1200000, 1200000, 1200000, 1200000, 1200000, 1200000, 1200000, 1200000, 1200000, 1200000, 1200000, 1200000, 1200000, 1200000, 1200000, 1200000, 57702471238, 57773035755
Wed Apr  5 15:31:54 2023, 3.560239, mem, 1200000, 1200000, 1200000, 1200000, 1200000, 1200000, 1200000, 1200000, 1200000, 1200000, 1200000, 1200000, 1200000, 1200000, 1200000, 1200000, 1200000, 1200000, 1200000, 1200000, 1200000, 1200000, 1200000, 1200000, 57811432080, 57882560926
Wed Apr  5 15:32:01 2023, 4.936178, mem, 1200000, 1200000, 1200000, 1200000, 1200000, 1200000, 1200000, 1200000, 1200000, 1200000, 1200000, 1200000, 1200000, 1200000, 1200000, 1200000, 1200000, 1200000, 1200000, 1200000, 1200000, 1200000, 1200000, 1200000, 57922611971, 58018237093
Wed Apr  5 15:32:07 2023, 3.552456, mem, 1200000, 1200000, 1200000, 1200000, 1200000, 1200000, 1200000, 1200000, 1200000, 1200000, 1200000, 1200000, 1200000, 1200000, 1200000, 1200000, 1200000, 1200000, 1200000, 1200000, 1200000, 1200000, 1200000, 1200000, 58066973601, 58137615449
Wed Apr  5 15:32:12 2023, 3.560804, ipdefaultmem, 1200000, 1200000, 1200000, 1200000, 1200000, 1200000, 1200000, 1200000, 1200000, 1200000, 1200000, 1200000, 1200000, 1200000, 1200000, 1200000, 1200000, 1200000, 1200000, 1200000, 1200000, 1200000, 1200000, 1200000, 58169751292, 58292431703
Wed Apr  5 15:32:16 2023, 3.538995, ipdefaultmem, 1200000, 1200000, 1200000, 1200000, 1200000, 1200000, 1200000, 1200000, 1200000, 1200000, 1200000, 1200000, 1200000, 1200000, 1200000, 1200000, 1200000, 1200000, 1200000, 1200000, 1200000, 1200000, 1200000, 1200000, 58313954963, 58437301572
Wed Apr  5 15:32:21 2023, 3.572778, ipdefaultmem, 1200000, 1200000, 1200000, 1200000, 1200000, 1200000, 1200000, 1200000, 1200000, 1200000, 1200000, 1200000, 1200000, 1200000, 1200000, 1200000, 1200000, 1200000, 1200000, 1200000, 1200000, 1200000, 1200000, 1200000, 58456401803, 58527403880
Wed Apr  5 15:32:25 2023, 3.593364, ipdefaultmem, 1200000, 1200000, 1200000, 1200000, 1200000, 1200000, 1200000, 1200000, 1200000, 1200000, 1200000, 1200000, 1200000, 1200000, 1200000, 1200000, 1200000, 1200000, 1200000, 1200000, 1200000, 1200000, 1200000, 1200000, 58544474088, 58668075700
Wed Apr  5 15:32:30 2023, 3.583869, ipdefaultmem, 1200000, 1200000, 1200000, 1200000, 1200000, 1200000, 1200000, 1200000, 1200000, 1200000, 1200000, 1200000, 1200000, 1200000, 1200000, 1200000, 1200000, 1200000, 1200000, 1200000, 1200000, 1200000, 1200000, 1200000, 58687764309, 58812808118
Wed Apr  5 15:32:34 2023, 3.590396, ipdefaultmem, 1200000, 1200000, 1200000, 1200000, 1200000, 1200000, 1200000, 1200000, 1200000, 1200000, 1200000, 1200000, 1200000, 1200000, 1200000, 1200000, 1200000, 1200000, 1200000, 1200000, 1200000, 1200000, 1200000, 1200000, 58832023950, 58903508386
Wed Apr  5 15:32:38 2023, 3.583885, ipdefaultmem, 1200000, 1200000, 1200000, 1200000, 1200000, 1200000, 1200000, 1200000, 1200000, 1200000, 1200000, 1200000, 1200000, 1200000, 1200000, 1200000, 1200000, 1200000, 1200000, 1200000, 1200000, 1200000, 1200000, 1200000, 58921832680, 58993098489
Wed Apr  5 15:32:43 2023, 3.568839, ipdefaultmem, 1200000, 1200000, 1200000, 1200000, 1200000, 1200000, 1200000, 1200000, 1200000, 1200000, 1200000, 1200000, 1200000, 1200000, 1200000, 1200000, 1200000, 1200000, 1200000, 1200000, 1200000, 1200000, 1200000, 1200000, 59009659420, 59080613340
Wed Apr  5 15:32:47 2023, 3.650017, ipdefaultmem, 1200000, 1200000, 1200000, 1200000, 1200000, 1200000, 1200000, 1200000, 1200000, 1200000, 1200000, 1200000, 1200000, 1200000, 1200000, 1200000, 1200000, 1200000, 1200000, 1200000, 1200000, 1200000, 1200000, 1200000, 59098168898, 59223321898
Wed Apr  5 15:32:52 2023, 3.553403, ipdefaultmem, 1200000, 1200000, 1200000, 1200000, 1200000, 1200000, 1200000, 1200000, 1200000, 1200000, 1200000, 1200000, 1200000, 1200000, 1200000, 1200000, 1200000, 1200000, 1200000, 1200000, 1200000, 1200000, 1200000, 1200000, 59243299203, 59367248898
Wed Apr  5 15:32:56 2023, 3.584400, ipdefaultmem, 1200000, 1200000, 1200000, 1200000, 1200000, 1200000, 1200000, 1200000, 1200000, 1200000, 1200000, 1200000, 1200000, 1200000, 1200000, 1200000, 1200000, 1200000, 1200000, 1200000, 1200000, 1200000, 1200000, 1200000, 59389904480, 59461101990
Wed Apr  5 15:33:00 2023, 3.574134, ipdefaultmem, 1200000, 1200000, 1200000, 1200000, 1200000, 1200000, 1200000, 1200000, 1200000, 1200000, 1200000, 1200000, 1200000, 1200000, 1200000, 1200000, 1200000, 1200000, 1200000, 1200000, 1200000, 1200000, 1200000, 1200000, 59478671830, 59602478337
Wed Apr  5 15:33:05 2023, 3.559969, ipdefaultmem, 1200000, 1200000, 1200000, 1200000, 1200000, 1200000, 1200000, 1200000, 1200000, 1200000, 1200000, 1200000, 1200000, 1200000, 1200000, 1200000, 1200000, 1200000, 1200000, 1200000, 1200000, 1200000, 1200000, 1200000, 59621099688, 59745122503
Wed Apr  5 15:33:09 2023, 3.584788, ipdefaultmem, 1200000, 1200000, 1200000, 1200000, 1200000, 1200000, 1200000, 1200000, 1200000, 1200000, 1200000, 1200000, 1200000, 1200000, 1200000, 1200000, 1200000, 1200000, 1200000, 1200000, 1200000, 1200000, 1200000, 1200000, 59770778382, 59896416061
Wed Apr  5 15:33:14 2023, 3.640535, ipdefaultmem, 1200000, 1200000, 1200000, 1200000, 1200000, 1200000, 1200000, 1200000, 1200000, 1200000, 1200000, 1200000, 1200000, 1200000, 1200000, 1200000, 1200000, 1200000, 1200000, 1200000, 1200000, 1200000, 1200000, 1200000, 59916762140, 60044832246
Wed Apr  5 15:33:18 2023, 3.607820, ipdefaultmem, 1200000, 1200000, 1200000, 1200000, 1200000, 1200000, 1200000, 1200000, 1200000, 1200000, 1200000, 1200000, 1200000, 1200000, 1200000, 1200000, 1200000, 1200000, 1200000, 1200000, 1200000, 1200000, 1200000, 1200000, 60063003709, 60190042019
Wed Apr  5 15:33:23 2023, 3.626777, ipdefaultmem, 1200000, 1200000, 1200000, 1200000, 1200000, 1200000, 1200000, 1200000, 1200000, 1200000, 1200000, 1200000, 1200000, 1200000, 1200000, 1200000, 1200000, 1200000, 1200000, 1200000, 1200000, 1200000, 1200000, 1200000, 60211399874, 60284149261
Wed Apr  5 15:33:27 2023, 3.537437, ipdefaultmem, 1200000, 1200000, 1200000, 1200000, 1200000, 1200000, 1200000, 1200000, 1200000, 1200000, 1200000, 1200000, 1200000, 1200000, 1200000, 1200000, 1200000, 1200000, 1200000, 1200000, 1200000, 1200000, 1200000, 1200000, 60299858205, 60370227104
Wed Apr  5 15:33:31 2023, 3.635047, ipdefaultmem, 1200000, 1200000, 1200000, 1200000, 1200000, 1200000, 1200000, 1200000, 1200000, 1200000, 1200000, 1200000, 1200000, 1200000, 1200000, 1200000, 1200000, 1200000, 1200000, 1200000, 1200000, 1200000, 1200000, 1200000, 60388122688, 60460406561
Wed Apr  5 15:33:36 2023, 3.565272, ipdefaultmem, 1200000, 1200000, 1200000, 1200000, 1200000, 1200000, 1200000, 1200000, 1200000, 1200000, 1200000, 1200000, 1200000, 1200000, 1200000, 1200000, 1200000, 1200000, 1200000, 1200000, 1200000, 1200000, 1200000, 1200000, 60478419393, 60603078681
, mem, 1200000, 1200000, 1200000, 1200000, 1200000, 1200000, 1200000, 1200000, 1200000, 1200000, 1200000, 1200000, 1200000, 1200000, 1200000, 1200000, 1200000, 1200000, 1200000, 1200000, 1200000, 1200000, 1200000, 1200000, 75356044148, 75382342115
Wed Apr  5 15:56:22 2023, 1.373593, mem, 1200000, 1200000, 1200000, 1200000, 1200000, 1200000, 1200000, 1200000, 1200000, 1200000, 1200000, 1200000, 1200000, 1200000, 1200000, 1200000, 1200000, 1200000, 1200000, 1200000, 1200000, 1200000, 1200000, 1200000, 77777349839, 77803701517
Wed Apr  5 16:02:26 2023, 1.105076, mem, 1200000, 1200000, 1200000, 1200000, 1200000, 1200000, 1200000, 1200000, 1200000, 1200000, 1200000, 1200000, 1200000, 1200000, 1200000, 1200000, 1200000, 1200000, 1200000, 1200000, 1200000, 1200000, 1200000, 1200000, 81932982877, 81967098208
Wed Apr  5 16:02:30 2023, 1.124673, mem, 1200000, 1200000, 1200000, 1200000, 1200000, 1200000, 1200000, 1200000, 1200000, 1200000, 1200000, 1200000, 1200000, 1200000, 1200000, 1200000, 1200000, 1200000, 1200000, 1200000, 1200000, 1200000, 1200000, 1200000, 82015713928, 82049620335
Wed Apr  5 16:02:33 2023, 1.096485, mem, 1200000, 1200000, 1200000, 1200000, 1200000, 1200000, 1200000, 1200000, 1200000, 1200000, 1200000, 1200000, 1200000, 1200000, 1200000, 1200000, 1200000, 1200000, 1200000, 1200000, 1200000, 1200000, 1200000, 1200000, 82095635476, 82129988538
Wed Apr  5 16:02:36 2023, 1.096786, mem, 1200000, 1200000, 1200000, 1200000, 1200000, 1200000, 1200000, 1200000, 1200000, 1200000, 1200000, 1200000, 1200000, 1200000, 1200000, 1200000, 1200000, 1200000, 1200000, 1200000, 1200000, 1200000, 1200000, 1200000, 82175814714, 82209984915
Wed Apr  5 16:02:39 2023, 1.032455, mem, 1200000, 1200000, 1200000, 1200000, 1200000, 1200000, 1200000, 1200000, 1200000, 1200000, 1200000, 1200000, 1200000, 1200000, 1200000, 1200000, 1200000, 1200000, 1200000, 1200000, 1200000, 1200000, 1200000, 1200000, 82255284726, 82276015813
Wed Apr  5 16:02:42 2023, 1.094842, mem, 1200000, 1200000, 1200000, 1200000, 1200000, 1200000, 1200000, 1200000, 1200000, 1200000, 1200000, 1200000, 1200000, 1200000, 1200000, 1200000, 1200000, 1200000, 1200000, 1200000, 1200000, 1200000, 1200000, 1200000, 82317200278, 82350090452
Wed Apr  5 16:02:45 2023, 1.062464, mem, 1200000, 1200000, 1200000, 1200000, 1200000, 1200000, 1200000, 1200000, 1200000, 1200000, 1200000, 1200000, 1200000, 1200000, 1200000, 1200000, 1200000, 1200000, 1200000, 1200000, 1200000, 1200000, 1200000, 1200000, 82395060552, 82428636821
Wed Apr  5 16:02:49 2023, 1.124004, mem, 1200000, 1200000, 1200000, 1200000, 1200000, 1200000, 1200000, 1200000, 1200000, 1200000, 1200000, 1200000, 1200000, 1200000, 1200000, 1200000, 1200000, 1200000, 1200000, 1200000, 1200000, 1200000, 1200000, 1200000, 82478045630, 82500574198
Wed Apr  5 16:02:52 2023, 1.054235, mem, 1200000, 1200000, 1200000, 1200000, 1200000, 1200000, 1200000, 1200000, 1200000, 1200000, 1200000, 1200000, 1200000, 1200000, 1200000, 1200000, 1200000, 1200000, 1200000, 1200000, 1200000, 1200000, 1200000, 1200000, 82544475697, 82577907679
Wed Apr  5 16:02:55 2023, 1.082108, mem, 1200000, 1200000, 1200000, 1200000, 1200000, 1200000, 1200000, 1200000, 1200000, 1200000, 1200000, 1200000, 1200000, 1200000, 1200000, 1200000, 1200000, 1200000, 1200000, 1200000, 1200000, 1200000, 1200000, 1200000, 82624095976, 82657519841
Wed Apr  5 16:02:58 2023, 1.076286, mem, 1200000, 1200000, 1200000, 1200000, 1200000, 1200000, 1200000, 1200000, 1200000, 1200000, 1200000, 1200000, 1200000, 1200000, 1200000, 1200000, 1200000, 1200000, 1200000, 1200000, 1200000, 1200000, 1200000, 1200000, 82705164739, 82726338696
Wed Apr  5 16:03:01 2023, 1.048404, mem, 1200000, 1200000, 1200000, 1200000, 1200000, 1200000, 1200000, 1200000, 1200000, 1200000, 1200000, 1200000, 1200000, 1200000, 1200000, 1200000, 1200000, 1200000, 1200000, 1200000, 1200000, 1200000, 1200000, 1200000, 82772144914, 82805457512
Wed Apr  5 16:03:04 2023, 1.102619, mem, 1200000, 1200000, 1200000, 1200000, 1200000, 1200000, 1200000, 1200000, 1200000, 1200000, 1200000, 1200000, 1200000, 1200000, 1200000, 1200000, 1200000, 1200000, 1200000, 1200000, 1200000, 1200000, 1200000, 1200000, 82852301386, 82874311767
Wed Apr  5 16:03:08 2023, 1.091057, mem, 1200000, 1200000, 1200000, 1200000, 1200000, 1200000, 1200000, 1200000, 1200000, 1200000, 1200000, 1200000, 1200000, 1200000, 1200000, 1200000, 1200000, 1200000, 1200000, 1200000, 1200000, 1200000, 1200000, 1200000, 82919048835, 82941062511
Wed Apr  5 16:03:11 2023, 1.056871, mem, 1200000, 1200000, 1200000, 1200000, 1200000, 1200000, 1200000, 1200000, 1200000, 1200000, 1200000, 1200000, 1200000, 1200000, 1200000, 1200000, 1200000, 1200000, 1200000, 1200000, 1200000, 1200000, 1200000, 1200000, 82984597434, 83018619930
Wed Apr  5 16:03:14 2023, 1.068293, mem, 1200000, 1200000, 1200000, 1200000, 1200000, 1200000, 1200000, 1200000, 1200000, 1200000, 1200000, 1200000, 1200000, 1200000, 1200000, 1200000, 1200000, 1200000, 1200000, 1200000, 1200000, 1200000, 1200000, 1200000, 83065868588, 83086818974
Wed Apr  5 16:03:17 2023, 1.108097, mem, 1200000, 1200000, 1200000, 1200000, 1200000, 1200000, 1200000, 1200000, 1200000, 1200000, 1200000, 1200000, 1200000, 1200000, 1200000, 1200000, 1200000, 1200000, 1200000, 1200000, 1200000, 1200000, 1200000, 1200000, 83130559951, 83164173390
Wed Apr  5 16:03:20 2023, 1.105635, mem, 1200000, 1200000, 1200000, 1200000, 1200000, 1200000, 1200000, 1200000, 1200000, 1200000, 1200000, 1200000, 1200000, 1200000, 1200000, 1200000, 1200000, 1200000, 1200000, 1200000, 1200000, 1200000, 1200000, 1200000, 83211039054, 83244797207
Wed Apr  5 16:03:24 2023, 1.913829, mem, 1200000, 1200000, 1200000, 1200000, 1200000, 1200000, 1200000, 1200000, 1200000, 1200000, 1200000, 1200000, 1200000, 1200000, 1200000, 1200000, 1200000, 1200000, 1200000, 1200000, 1200000, 1200000, 1200000, 1200000, 83290276522, 83351438170
Wed Apr  5 16:03:28 2023, 1.068060, mem, 1200000, 1200000, 1200000, 1200000, 1200000, 1200000, 1200000, 1200000, 1200000, 1200000, 1200000, 1200000, 1200000, 1200000, 1200000, 1200000, 1200000, 1200000, 1200000, 1200000, 1200000, 1200000, 1200000, 1200000, 83404431808, 83425900381
Wed Apr  5 16:03:30 2023, 1.106448, ipdefaultmem, 1200000, 1200000, 1200000, 1200000, 1200000, 1200000, 1200000, 1200000, 1200000, 1200000, 1200000, 1200000, 1200000, 1200000, 1200000, 1200000, 1200000, 1200000, 1200000, 1200000, 1200000, 1200000, 1200000, 1200000, 83458950590, 83481160555
Wed Apr  5 16:03:32 2023, 1.100277, ipdefaultmem, 1200000, 1200000, 1200000, 1200000, 1200000, 1200000, 1200000, 1200000, 1200000, 1200000, 1200000, 1200000, 1200000, 1200000, 1200000, 1200000, 1200000, 1200000, 1200000, 1200000, 1200000, 1200000, 1200000, 1200000, 83498495044, 83520232598
Wed Apr  5 16:03:34 2023, 1.075206, ipdefaultmem, 1200000, 1200000, 1200000, 1200000, 1200000, 1200000, 1200000, 1200000, 1200000, 1200000, 1200000, 1200000, 1200000, 1200000, 1200000, 1200000, 1200000, 1200000, 1200000, 1200000, 1200000, 1200000, 1200000, 1200000, 83537312328, 83558572466
Wed Apr  5 16:03:36 2023, 1.027960, ipdefaultmem, 1200000, 1200000, 1200000, 1200000, 1200000, 1200000, 1200000, 1200000, 1200000, 1200000, 1200000, 1200000, 1200000, 1200000, 1200000, 1200000, 1200000, 1200000, 1200000, 1200000, 1200000, 1200000, 1200000, 1200000, 83576077609, 83596463726
Wed Apr  5 16:03:38 2023, 1.096213, ipdefaultmem, 1200000, 1200000, 1200000, 1200000, 1200000, 1200000, 1200000, 1200000, 1200000, 1200000, 1200000, 1200000, 1200000, 1200000, 1200000, 1200000, 1200000, 1200000, 1200000, 1200000, 1200000, 1200000, 1200000, 1200000, 83612317751, 83633755684
Wed Apr  5 16:03:40 2023, 1.112135, ipdefaultmem, 1200000, 1200000, 1200000, 1200000, 1200000, 1200000, 1200000, 1200000, 1200000, 1200000, 1200000, 1200000, 1200000, 1200000, 1200000, 1200000, 1200000, 1200000, 1200000, 1200000, 1200000, 1200000, 1200000, 1200000, 83648701874, 83682284674
Wed Apr  5 16:03:42 2023, 1.097550, ipdefaultmem, 1200000, 1200000, 1200000, 1200000, 1200000, 1200000, 1200000, 1200000, 1200000, 1200000, 1200000, 1200000, 1200000, 1200000, 1200000, 1200000, 1200000, 1200000, 1200000, 1200000, 1200000, 1200000, 1200000, 1200000, 83701522723, 83735114556
Wed Apr  5 16:03:43 2023, 0.958910, ipdefaultmem, 1200000, 1200000, 1200000, 1200000, 1200000, 1200000, 1200000, 1200000, 1200000, 1200000, 1200000, 1200000, 1200000, 1200000, 1200000, 1200000, 1200000, 1200000, 1200000, 1200000, 1200000, 1200000, 1200000, 1200000, 83757999507, 83791694733
Wed Apr  5 16:03:45 2023, 1.077553, ipdefaultmem, 1200000, 1200000, 1200000, 1200000, 1200000, 1200000, 1200000, 1200000, 1200000, 1200000, 1200000, 1200000, 1200000, 1200000, 1200000, 1200000, 1200000, 1200000, 1200000, 1200000, 1200000, 1200000, 1200000, 1200000, 83809468430, 83842552086
Wed Apr  5 16:03:47 2023, 1.079624, ipdefaultmem, 1200000, 1200000, 1200000, 1200000, 1200000, 1200000, 1200000, 1200000, 1200000, 1200000, 1200000, 1200000, 1200000, 1200000, 1200000, 1200000, 1200000, 1200000, 1200000, 1200000, 1200000, 1200000, 1200000, 1200000, 83860933203, 83894522106
Wed Apr  5 16:03:49 2023, 1.101058, ipdefaultmem, 1200000, 1200000, 1200000, 1200000, 1200000, 1200000, 1200000, 1200000, 1200000, 1200000, 1200000, 1200000, 1200000, 1200000, 1200000, 1200000, 1200000, 1200000, 1200000, 1200000, 1200000, 1200000, 1200000, 1200000, 83914151390, 83947773069
Wed Apr  5 16:03:51 2023, 1.096065, ipdefaultmem, 1200000, 1200000, 1200000, 1200000, 1200000, 1200000, 1200000, 1200000, 1200000, 1200000, 1200000, 1200000, 1200000, 1200000, 1200000, 1200000, 1200000, 1200000, 1200000, 1200000, 1200000, 1200000, 1200000, 1200000, 83966836741, 84001397992
Wed Apr  5 16:03:53 2023, 1.090001, ipdefaultmem, 1200000, 1200000, 1200000, 1200000, 1200000, 1200000, 1200000, 1200000, 1200000, 1200000, 1200000, 1200000, 1200000, 1200000, 1200000, 1200000, 1200000, 1200000, 1200000, 1200000, 1200000, 1200000, 1200000, 1200000, 84020997735, 84054664397
Wed Apr  5 16:03:55 2023, 1.119792, ipdefaultmem, 1200000, 1200000, 1200000, 1200000, 1200000, 1200000, 1200000, 1200000, 1200000, 1200000, 1200000, 1200000, 1200000, 1200000, 1200000, 1200000, 1200000, 1200000, 1200000, 1200000, 1200000, 1200000, 1200000, 1200000, 84072606428, 84095019762
Wed Apr  5 16:03:57 2023, 1.077497, ipdefaultmem, 1200000, 1200000, 1200000, 1200000, 1200000, 1200000, 1200000, 1200000, 1200000, 1200000, 1200000, 1200000, 1200000, 1200000, 1200000, 1200000, 1200000, 1200000, 1200000, 1200000, 1200000, 1200000, 1200000, 1200000, 84110776924, 84132505201
Wed Apr  5 16:03:59 2023, 1.070763, ipdefaultmem, 1200000, 1200000, 1200000, 1200000, 1200000, 1200000, 1200000, 1200000, 1200000, 1200000, 1200000, 1200000, 1200000, 1200000, 1200000, 1200000, 1200000, 1200000, 1200000, 1200000, 1200000, 1200000, 1200000, 1200000, 84146926429, 84167989424
Wed Apr  5 16:04:00 2023, 1.115229, ipdefaultmem, 1200000, 1200000, 1200000, 1200000, 1200000, 1200000, 1200000, 1200000, 1200000, 1200000, 1200000, 1200000, 1200000, 1200000, 1200000, 1200000, 1200000, 1200000, 1200000, 1200000, 1200000, 1200000, 1200000, 1200000, 84183245061, 84216643718
Wed Apr  5 16:04:02 2023, 0.939396, ipdefaultmem, 1200000, 1200000, 1200000, 1200000, 1200000, 1200000, 1200000, 1200000, 1200000, 1200000, 1200000, 1200000, 1200000, 1200000, 1200000, 1200000, 1200000, 1200000, 1200000, 1200000, 1200000, 1200000, 1200000, 1200000, 84238926437, 84272303366
Wed Apr  5 16:04:04 2023, 1.081174, ipdefaultmem, 1200000, 1200000, 1200000, 1200000, 1200000, 1200000, 1200000, 1200000, 1200000, 1200000, 1200000, 1200000, 1200000, 1200000, 1200000, 1200000, 1200000, 1200000, 1200000, 1200000, 1200000, 1200000, 1200000, 1200000, 84294282924, 84327422365
Wed Apr  5 16:04:06 2023, 1.098426, ipdefaultmem, 1200000, 1200000, 1200000, 1200000, 1200000, 1200000, 1200000, 1200000, 1200000, 1200000, 1200000, 1200000, 1200000, 1200000, 1200000, 1200000, 1200000, 1200000, 1200000, 1200000, 1200000, 1200000, 1200000, 1200000, 84344871600, 84366517541
, mem, 1200000, 1200000, 1200000, 1200000, 1200000, 1200000, 1200000, 1200000, 1200000, 1200000, 1200000, 1200000, 1200000, 1200000, 1200000, 1200000, 1200000, 1200000, 1200000, 1200000, 1200000, 1200000, 1200000, 1200000, 37037936005, 37055897690
, mem, 1200000, 1200000, 1200000, 1200000, 1200000, 1200000, 1200000, 1200000, 1200000, 1200000, 1200000, 1200000, 1200000, 1200000, 1200000, 1200000, 1200000, 1200000, 1200000, 1200000, 1200000, 1200000, 1200000, 1200000, 37323711640, 37346117101
, mem, 1200000, 1200000, 1200000, 1200000, 1200000, 1200000, 1200000, 1200000, 1200000, 1200000, 1200000, 1200000, 1200000, 1200000, 1200000, 1200000, 1200000, 1200000, 1200000, 1200000, 1200000, 1200000, 1200000, 1200000, 40623601203, 40641738486
, mem, 1200000, 1200000, 1200000, 1200000, 1200000, 1200000, 1200000, 1200000, 1200000, 1200000, 1200000, 1200000, 1200000, 1200000, 1200000, 1200000, 1200000, 1200000, 1200000, 1200000, 1200000, 1200000, 1200000, 1200000, 41354238676, 41373385783
, mem, 1200000, 1200000, 1200000, 1200000, 1200000, 1200000, 1200000, 1200000, 1200000, 1200000, 1200000, 1200000, 1200000, 1200000, 1200000, 1200000, 1200000, 1200000, 1200000, 1200000, 1200000, 1200000, 1200000, 1200000, 44732062792, 44755495716
Wed Apr  5 21:35:59 2023, 0.002414, mem, 1200000, 1200000, 1200000, 1200000, 1200000, 1200000, 1200000, 1200000, 1200000, 1200000, 1200000, 1200000, 1200000, 1200000, 1200000, 1200000, 1200000, 1200000, 1200000, 1200000, 1200000, 1200000, 1200000, 1200000, 46158661252, 46159171444
Wed Apr  5 21:36:21 2023, 4.637423, mem, 1200000, 1200000, 1200000, 1200000, 1200000, 1200000, 1200000, 1200000, 1200000, 1200000, 1200000, 1200000, 1200000, 1200000, 1200000, 1200000, 1200000, 1200000, 1200000, 1200000, 1200000, 1200000, 1200000, 1200000, 46380572244, 46544470018
Wed Apr  5 21:39:03 2023, 4.655216, mem, 1200000, 1200000, 1200000, 1200000, 1200000, 1200000, 1200000, 1200000, 1200000, 1200000, 1200000, 1200000, 1200000, 1200000, 1200000, 1200000, 1200000, 1200000, 1200000, 1200000, 1200000, 1200000, 1200000, 1200000, 48315912321, 48408064612
Wed Apr  5 21:39:09 2023, 4.686232, mem, 1200000, 1200000, 1200000, 1200000, 1200000, 1200000, 1200000, 1200000, 1200000, 1200000, 1200000, 1200000, 1200000, 1200000, 1200000, 1200000, 1200000, 1200000, 1200000, 1200000, 1200000, 1200000, 1200000, 1200000, 48450642933, 48542638914
Wed Apr  5 21:39:16 2023, 4.845945, mem, 1200000, 1200000, 1200000, 1200000, 1200000, 1200000, 1200000, 1200000, 1200000, 1200000, 1200000, 1200000, 1200000, 1200000, 1200000, 1200000, 1200000, 1200000, 1200000, 1200000, 1200000, 1200000, 1200000, 1200000, 48584061476, 48710228939
Wed Apr  5 21:39:23 2023, 4.698790, mem, 1200000, 1200000, 1200000, 1200000, 1200000, 1200000, 1200000, 1200000, 1200000, 1200000, 1200000, 1200000, 1200000, 1200000, 1200000, 1200000, 1200000, 1200000, 1200000, 1200000, 1200000, 1200000, 1200000, 1200000, 48755669740, 48848638130
Wed Apr  5 21:39:29 2023, 4.660884, mem, 1200000, 1200000, 1200000, 1200000, 1200000, 1200000, 1200000, 1200000, 1200000, 1200000, 1200000, 1200000, 1200000, 1200000, 1200000, 1200000, 1200000, 1200000, 1200000, 1200000, 1200000, 1200000, 1200000, 1200000, 48893105302, 49055091947
Wed Apr  5 21:39:36 2023, 4.669850, mem, 1200000, 1200000, 1200000, 1200000, 1200000, 1200000, 1200000, 1200000, 1200000, 1200000, 1200000, 1200000, 1200000, 1200000, 1200000, 1200000, 1200000, 1200000, 1200000, 1200000, 1200000, 1200000, 1200000, 1200000, 49101157198, 49193249431
Wed Apr  5 21:39:43 2023, 4.657904, mem, 1200000, 1200000, 1200000, 1200000, 1200000, 1200000, 1200000, 1200000, 1200000, 1200000, 1200000, 1200000, 1200000, 1200000, 1200000, 1200000, 1200000, 1200000, 1200000, 1200000, 1200000, 1200000, 1200000, 1200000, 49236352775, 49399368532
Wed Apr  5 21:39:49 2023, 4.700108, mem, 1200000, 1200000, 1200000, 1200000, 1200000, 1200000, 1200000, 1200000, 1200000, 1200000, 1200000, 1200000, 1200000, 1200000, 1200000, 1200000, 1200000, 1200000, 1200000, 1200000, 1200000, 1200000, 1200000, 1200000, 49445341986, 49538390515
Wed Apr  5 21:39:56 2023, 4.713870, mem, 1200000, 1200000, 1200000, 1200000, 1200000, 1200000, 1200000, 1200000, 1200000, 1200000, 1200000, 1200000, 1200000, 1200000, 1200000, 1200000, 1200000, 1200000, 1200000, 1200000, 1200000, 1200000, 1200000, 1200000, 49582009605, 49747034024
Wed Apr  5 21:40:03 2023, 4.754067, mem, 1200000, 1200000, 1200000, 1200000, 1200000, 1200000, 1200000, 1200000, 1200000, 1200000, 1200000, 1200000, 1200000, 1200000, 1200000, 1200000, 1200000, 1200000, 1200000, 1200000, 1200000, 1200000, 1200000, 1200000, 49802399727, 49968412790
Wed Apr  5 21:41:12 2023, 4.636717, ipdefaultmem, 1200000, 1200000, 1200000, 1200000, 1200000, 1200000, 1200000, 1200000, 1200000, 1200000, 1200000, 1200000, 1200000, 1200000, 1200000, 1200000, 1200000, 1200000, 1200000, 1200000, 1200000, 1200000, 1200000, 1200000, 50717201889, 50878491943
Wed Apr  5 21:41:17 2023, 4.641609, ipdefaultmem, 1200000, 1200000, 1200000, 1200000, 1200000, 1200000, 1200000, 1200000, 1200000, 1200000, 1200000, 1200000, 1200000, 1200000, 1200000, 1200000, 1200000, 1200000, 1200000, 1200000, 1200000, 1200000, 1200000, 1200000, 50896804152, 50987578272
Wed Apr  5 21:41:23 2023, 4.694896, ipdefaultmem, 1200000, 1200000, 1200000, 1200000, 1200000, 1200000, 1200000, 1200000, 1200000, 1200000, 1200000, 1200000, 1200000, 1200000, 1200000, 1200000, 1200000, 1200000, 1200000, 1200000, 1200000, 1200000, 1200000, 1200000, 51002367785, 51165741268
Wed Apr  5 21:41:28 2023, 4.698292, ipdefaultmem, 1200000, 1200000, 1200000, 1200000, 1200000, 1200000, 1200000, 1200000, 1200000, 1200000, 1200000, 1200000, 1200000, 1200000, 1200000, 1200000, 1200000, 1200000, 1200000, 1200000, 1200000, 1200000, 1200000, 1200000, 51185234016, 51349277725
Wed Apr  5 21:41:34 2023, 4.682148, ipdefaultmem, 1200000, 1200000, 1200000, 1200000, 1200000, 1200000, 1200000, 1200000, 1200000, 1200000, 1200000, 1200000, 1200000, 1200000, 1200000, 1200000, 1200000, 1200000, 1200000, 1200000, 1200000, 1200000, 1200000, 1200000, 51369612389, 51533066439
Wed Apr  5 21:41:39 2023, 4.729702, ipdefaultmem, 1200000, 1200000, 1200000, 1200000, 1200000, 1200000, 1200000, 1200000, 1200000, 1200000, 1200000, 1200000, 1200000, 1200000, 1200000, 1200000, 1200000, 1200000, 1200000, 1200000, 1200000, 1200000, 1200000, 1200000, 51554733681, 51719723187
Wed Apr  5 21:41:45 2023, 4.649757, ipdefaultmem, 1200000, 1200000, 1200000, 1200000, 1200000, 1200000, 1200000, 1200000, 1200000, 1200000, 1200000, 1200000, 1200000, 1200000, 1200000, 1200000, 1200000, 1200000, 1200000, 1200000, 1200000, 1200000, 1200000, 1200000, 51739126580, 51831901367
Wed Apr  5 21:41:50 2023, 4.515790, ipdefaultmem, 1200000, 1200000, 1200000, 1200000, 1200000, 1200000, 1200000, 1200000, 1200000, 1200000, 1200000, 1200000, 1200000, 1200000, 1200000, 1200000, 1200000, 1200000, 1200000, 1200000, 1200000, 1200000, 1200000, 1200000, 51847186118, 51936717688
Wed Apr  5 21:41:55 2023, 4.729579, ipdefaultmem, 1200000, 1200000, 1200000, 1200000, 1200000, 1200000, 1200000, 1200000, 1200000, 1200000, 1200000, 1200000, 1200000, 1200000, 1200000, 1200000, 1200000, 1200000, 1200000, 1200000, 1200000, 1200000, 1200000, 1200000, 51952369076, 52116569217
Wed Apr  5 21:42:01 2023, 4.647694, ipdefaultmem, 1200000, 1200000, 1200000, 1200000, 1200000, 1200000, 1200000, 1200000, 1200000, 1200000, 1200000, 1200000, 1200000, 1200000, 1200000, 1200000, 1200000, 1200000, 1200000, 1200000, 1200000, 1200000, 1200000, 1200000, 52133646383, 52225347137
Wed Apr  5 21:42:58 2023, 4.648404, mem, 1200000, 1200000, 1200000, 1200000, 1200000, 1200000, 1200000, 1200000, 1200000, 1200000, 1200000, 1200000, 1200000, 1200000, 1200000, 1200000, 1200000, 1200000, 1200000, 1200000, 1200000, 1200000, 1200000, 1200000, 52835995598, 52927090214
Wed Apr  5 21:43:05 2023, 4.739988, mem, 1200000, 1200000, 1200000, 1200000, 1200000, 1200000, 1200000, 1200000, 1200000, 1200000, 1200000, 1200000, 1200000, 1200000, 1200000, 1200000, 1200000, 1200000, 1200000, 1200000, 1200000, 1200000, 1200000, 1200000, 52969258197, 53062206506
Wed Apr  5 21:43:12 2023, 4.652396, mem, 1200000, 1200000, 1200000, 1200000, 1200000, 1200000, 1200000, 1200000, 1200000, 1200000, 1200000, 1200000, 1200000, 1200000, 1200000, 1200000, 1200000, 1200000, 1200000, 1200000, 1200000, 1200000, 1200000, 1200000, 53105028113, 53196937912
Wed Apr  5 21:43:18 2023, 4.733906, mem, 1200000, 1200000, 1200000, 1200000, 1200000, 1200000, 1200000, 1200000, 1200000, 1200000, 1200000, 1200000, 1200000, 1200000, 1200000, 1200000, 1200000, 1200000, 1200000, 1200000, 1200000, 1200000, 1200000, 1200000, 53240119930, 53405278687
Wed Apr  5 21:43:25 2023, 4.757586, mem, 1200000, 1200000, 1200000, 1200000, 1200000, 1200000, 1200000, 1200000, 1200000, 1200000, 1200000, 1200000, 1200000, 1200000, 1200000, 1200000, 1200000, 1200000, 1200000, 1200000, 1200000, 1200000, 1200000, 1200000, 53451351079, 53616686227
Wed Apr  5 21:43:32 2023, 4.685980, mem, 1200000, 1200000, 1200000, 1200000, 1200000, 1200000, 1200000, 1200000, 1200000, 1200000, 1200000, 1200000, 1200000, 1200000, 1200000, 1200000, 1200000, 1200000, 1200000, 1200000, 1200000, 1200000, 1200000, 1200000, 53664854316, 53827561969
Wed Apr  5 21:43:39 2023, 4.672914, mem, 1200000, 1200000, 1200000, 1200000, 1200000, 1200000, 1200000, 1200000, 1200000, 1200000, 1200000, 1200000, 1200000, 1200000, 1200000, 1200000, 1200000, 1200000, 1200000, 1200000, 1200000, 1200000, 1200000, 1200000, 53874707844, 54038819118
Wed Apr  5 21:43:45 2023, 4.692413, mem, 1200000, 1200000, 1200000, 1200000, 1200000, 1200000, 1200000, 1200000, 1200000, 1200000, 1200000, 1200000, 1200000, 1200000, 1200000, 1200000, 1200000, 1200000, 1200000, 1200000, 1200000, 1200000, 1200000, 1200000, 54086803187, 54180221832
Wed Apr  5 21:43:52 2023, 4.677950, mem, 1200000, 1200000, 1200000, 1200000, 1200000, 1200000, 1200000, 1200000, 1200000, 1200000, 1200000, 1200000, 1200000, 1200000, 1200000, 1200000, 1200000, 1200000, 1200000, 1200000, 1200000, 1200000, 1200000, 1200000, 54225735266, 54318586957
Wed Apr  5 21:43:59 2023, 4.670489, mem, 1200000, 1200000, 1200000, 1200000, 1200000, 1200000, 1200000, 1200000, 1200000, 1200000, 1200000, 1200000, 1200000, 1200000, 1200000, 1200000, 1200000, 1200000, 1200000, 1200000, 1200000, 1200000, 1200000, 1200000, 54373512048, 54540404870
Wed Apr  5 21:44:12 2023, 4.737587, ipdefaultmem, 1200000, 1200000, 1200000, 1200000, 1200000, 1200000, 1200000, 1200000, 1200000, 1200000, 1200000, 1200000, 1200000, 1200000, 1200000, 1200000, 1200000, 1200000, 1200000, 1200000, 1200000, 1200000, 1200000, 1200000, 54644916749, 54738965580
Wed Apr  5 21:44:17 2023, 4.573665, ipdefaultmem, 1200000, 1200000, 1200000, 1200000, 1200000, 1200000, 1200000, 1200000, 1200000, 1200000, 1200000, 1200000, 1200000, 1200000, 1200000, 1200000, 1200000, 1200000, 1200000, 1200000, 1200000, 1200000, 1200000, 1200000, 54755044274, 54846497593
Wed Apr  5 21:44:23 2023, 4.695580, ipdefaultmem, 1200000, 1200000, 1200000, 1200000, 1200000, 1200000, 1200000, 1200000, 1200000, 1200000, 1200000, 1200000, 1200000, 1200000, 1200000, 1200000, 1200000, 1200000, 1200000, 1200000, 1200000, 1200000, 1200000, 1200000, 54863523001, 55027022582
Wed Apr  5 21:44:28 2023, 4.744216, ipdefaultmem, 1200000, 1200000, 1200000, 1200000, 1200000, 1200000, 1200000, 1200000, 1200000, 1200000, 1200000, 1200000, 1200000, 1200000, 1200000, 1200000, 1200000, 1200000, 1200000, 1200000, 1200000, 1200000, 1200000, 1200000, 55048435918, 55212887219
Wed Apr  5 21:44:34 2023, 5.026048, ipdefaultmem, 1200000, 1200000, 1200000, 1200000, 1200000, 1200000, 1200000, 1200000, 1200000, 1200000, 1200000, 1200000, 1200000, 1200000, 1200000, 1200000, 1200000, 1200000, 1200000, 1200000, 1200000, 1200000, 1200000, 1200000, 55232280785, 55407268008
Wed Apr  5 21:44:40 2023, 4.769412, ipdefaultmem, 1200000, 1200000, 1200000, 1200000, 1200000, 1200000, 1200000, 1200000, 1200000, 1200000, 1200000, 1200000, 1200000, 1200000, 1200000, 1200000, 1200000, 1200000, 1200000, 1200000, 1200000, 1200000, 1200000, 1200000, 55429186286, 55596370185
Wed Apr  5 21:44:45 2023, 4.590192, ipdefaultmem, 1200000, 1200000, 1200000, 1200000, 1200000, 1200000, 1200000, 1200000, 1200000, 1200000, 1200000, 1200000, 1200000, 1200000, 1200000, 1200000, 1200000, 1200000, 1200000, 1200000, 1200000, 1200000, 1200000, 1200000, 55618445323, 55783306107
Wed Apr  5 21:44:50 2023, 4.651636, ipdefaultmem, 1200000, 1200000, 1200000, 1200000, 1200000, 1200000, 1200000, 1200000, 1200000, 1200000, 1200000, 1200000, 1200000, 1200000, 1200000, 1200000, 1200000, 1200000, 1200000, 1200000, 1200000, 1200000, 1200000, 1200000, 55804041589, 55896410310
Wed Apr  5 21:44:56 2023, 4.831133, ipdefaultmem, 1200000, 1200000, 1200000, 1200000, 1200000, 1200000, 1200000, 1200000, 1200000, 1200000, 1200000, 1200000, 1200000, 1200000, 1200000, 1200000, 1200000, 1200000, 1200000, 1200000, 1200000, 1200000, 1200000, 1200000, 55913978319, 56083634135
Wed Apr  5 21:45:02 2023, 4.682584, ipdefaultmem, 1200000, 1200000, 1200000, 1200000, 1200000, 1200000, 1200000, 1200000, 1200000, 1200000, 1200000, 1200000, 1200000, 1200000, 1200000, 1200000, 1200000, 1200000, 1200000, 1200000, 1200000, 1200000, 1200000, 1200000, 56121055060, 56214086316
Wed Apr  5 21:52:42 2023, 4.683852, mem, 1200000, 1200000, 1200000, 1200000, 1200000, 1200000, 1200000, 1200000, 1200000, 1200000, 1200000, 1200000, 1200000, 1200000, 1200000, 1200000, 1200000, 1200000, 1200000, 1200000, 1200000, 1200000, 1200000, 1200000, 61371456780, 61462667423
Wed Apr  5 21:52:49 2023, 4.696731, mem, 1200000, 1200000, 1200000, 1200000, 1200000, 1200000, 1200000, 1200000, 1200000, 1200000, 1200000, 1200000, 1200000, 1200000, 1200000, 1200000, 1200000, 1200000, 1200000, 1200000, 1200000, 1200000, 1200000, 1200000, 61507530711, 61669780784
Wed Apr  5 21:52:55 2023, 4.740808, mem, 1200000, 1200000, 1200000, 1200000, 1200000, 1200000, 1200000, 1200000, 1200000, 1200000, 1200000, 1200000, 1200000, 1200000, 1200000, 1200000, 1200000, 1200000, 1200000, 1200000, 1200000, 1200000, 1200000, 1200000, 61717251244, 61881182953
Wed Apr  5 21:53:02 2023, 4.706476, mem, 1200000, 1200000, 1200000, 1200000, 1200000, 1200000, 1200000, 1200000, 1200000, 1200000, 1200000, 1200000, 1200000, 1200000, 1200000, 1200000, 1200000, 1200000, 1200000, 1200000, 1200000, 1200000, 1200000, 1200000, 61928692780, 62092062662
Wed Apr  5 21:53:09 2023, 4.768549, mem, 1200000, 1200000, 1200000, 1200000, 1200000, 1200000, 1200000, 1200000, 1200000, 1200000, 1200000, 1200000, 1200000, 1200000, 1200000, 1200000, 1200000, 1200000, 1200000, 1200000, 1200000, 1200000, 1200000, 1200000, 62138624494, 62304495834
Wed Apr  5 21:53:16 2023, 4.626302, mem, 1200000, 1200000, 1200000, 1200000, 1200000, 1200000, 1200000, 1200000, 1200000, 1200000, 1200000, 1200000, 1200000, 1200000, 1200000, 1200000, 1200000, 1200000, 1200000, 1200000, 1200000, 1200000, 1200000, 1200000, 62351363634, 62443698725
Wed Apr  5 21:53:22 2023, 4.633942, mem, 1200000, 1200000, 1200000, 1200000, 1200000, 1200000, 1200000, 1200000, 1200000, 1200000, 1200000, 1200000, 1200000, 1200000, 1200000, 1200000, 1200000, 1200000, 1200000, 1200000, 1200000, 1200000, 1200000, 1200000, 62486367012, 62649003131
Wed Apr  5 21:53:29 2023, 4.647714, mem, 1200000, 1200000, 1200000, 1200000, 1200000, 1200000, 1200000, 1200000, 1200000, 1200000, 1200000, 1200000, 1200000, 1200000, 1200000, 1200000, 1200000, 1200000, 1200000, 1200000, 1200000, 1200000, 1200000, 1200000, 62696316975, 62858321870
Wed Apr  5 21:53:36 2023, 4.710720, mem, 1200000, 1200000, 1200000, 1200000, 1200000, 1200000, 1200000, 1200000, 1200000, 1200000, 1200000, 1200000, 1200000, 1200000, 1200000, 1200000, 1200000, 1200000, 1200000, 1200000, 1200000, 1200000, 1200000, 1200000, 62905916902, 63070559669
Wed Apr  5 21:53:43 2023, 4.678482, mem, 1200000, 1200000, 1200000, 1200000, 1200000, 1200000, 1200000, 1200000, 1200000, 1200000, 1200000, 1200000, 1200000, 1200000, 1200000, 1200000, 1200000, 1200000, 1200000, 1200000, 1200000, 1200000, 1200000, 1200000, 63126707169, 63290412011
Wed Apr  5 21:53:50 2023, 4.825094, mem, 1200000, 1200000, 1200000, 1200000, 1200000, 1200000, 1200000, 1200000, 1200000, 1200000, 1200000, 1200000, 1200000, 1200000, 1200000, 1200000, 1200000, 1200000, 1200000, 1200000, 1200000, 1200000, 1200000, 1200000, 63339057456, 63434387473
Wed Apr  5 21:53:57 2023, 4.658350, mem, 1200000, 1200000, 1200000, 1200000, 1200000, 1200000, 1200000, 1200000, 1200000, 1200000, 1200000, 1200000, 1200000, 1200000, 1200000, 1200000, 1200000, 1200000, 1200000, 1200000, 1200000, 1200000, 1200000, 1200000, 63480069241, 63643560582
Wed Apr  5 21:54:03 2023, 4.613584, mem, 1200000, 1200000, 1200000, 1200000, 1200000, 1200000, 1200000, 1200000, 1200000, 1200000, 1200000, 1200000, 1200000, 1200000, 1200000, 1200000, 1200000, 1200000, 1200000, 1200000, 1200000, 1200000, 1200000, 1200000, 63692476229, 63784355144
Wed Apr  5 21:54:10 2023, 4.701698, mem, 1200000, 1200000, 1200000, 1200000, 1200000, 1200000, 1200000, 1200000, 1200000, 1200000, 1200000, 1200000, 1200000, 1200000, 1200000, 1200000, 1200000, 1200000, 1200000, 1200000, 1200000, 1200000, 1200000, 1200000, 63829505236, 63922431878
Wed Apr  5 21:54:17 2023, 4.665241, mem, 1200000, 1200000, 1200000, 1200000, 1200000, 1200000, 1200000, 1200000, 1200000, 1200000, 1200000, 1200000, 1200000, 1200000, 1200000, 1200000, 1200000, 1200000, 1200000, 1200000, 1200000, 1200000, 1200000, 1200000, 63965729802, 64058957163
Wed Apr  5 21:54:24 2023, 4.728803, mem, 1200000, 1200000, 1200000, 1200000, 1200000, 1200000, 1200000, 1200000, 1200000, 1200000, 1200000, 1200000, 1200000, 1200000, 1200000, 1200000, 1200000, 1200000, 1200000, 1200000, 1200000, 1200000, 1200000, 1200000, 64105246290, 64269260824
Wed Apr  5 21:54:30 2023, 4.641176, mem, 1200000, 1200000, 1200000, 1200000, 1200000, 1200000, 1200000, 1200000, 1200000, 1200000, 1200000, 1200000, 1200000, 1200000, 1200000, 1200000, 1200000, 1200000, 1200000, 1200000, 1200000, 1200000, 1200000, 1200000, 64317210957, 64409339384
Wed Apr  5 21:54:37 2023, 4.764864, mem, 1200000, 1200000, 1200000, 1200000, 1200000, 1200000, 1200000, 1200000, 1200000, 1200000, 1200000, 1200000, 1200000, 1200000, 1200000, 1200000, 1200000, 1200000, 1200000, 1200000, 1200000, 1200000, 1200000, 1200000, 64453057106, 64618596416
Wed Apr  5 21:54:45 2023, 4.733212, mem, 1200000, 1200000, 1200000, 1200000, 1200000, 1200000, 1200000, 1200000, 1200000, 1200000, 1200000, 1200000, 1200000, 1200000, 1200000, 1200000, 1200000, 1200000, 1200000, 1200000, 1200000, 1200000, 1200000, 1200000, 64674479391, 64839617091
Wed Apr  5 21:54:51 2023, 4.683872, mem, 1200000, 1200000, 1200000, 1200000, 1200000, 1200000, 1200000, 1200000, 1200000, 1200000, 1200000, 1200000, 1200000, 1200000, 1200000, 1200000, 1200000, 1200000, 1200000, 1200000, 1200000, 1200000, 1200000, 1200000, 64886674893, 64979631198
Wed Apr  5 21:54:58 2023, 4.658554, ipdefaultmem, 1200000, 1200000, 1200000, 1200000, 1200000, 1200000, 1200000, 1200000, 1200000, 1200000, 1200000, 1200000, 1200000, 1200000, 1200000, 1200000, 1200000, 1200000, 1200000, 1200000, 1200000, 1200000, 1200000, 1200000, 65015652101, 65178075209
Wed Apr  5 21:55:03 2023, 4.767006, ipdefaultmem, 1200000, 1200000, 1200000, 1200000, 1200000, 1200000, 1200000, 1200000, 1200000, 1200000, 1200000, 1200000, 1200000, 1200000, 1200000, 1200000, 1200000, 1200000, 1200000, 1200000, 1200000, 1200000, 1200000, 1200000, 65198371788, 65365088646
Wed Apr  5 21:55:09 2023, 4.839879, ipdefaultmem, 1200000, 1200000, 1200000, 1200000, 1200000, 1200000, 1200000, 1200000, 1200000, 1200000, 1200000, 1200000, 1200000, 1200000, 1200000, 1200000, 1200000, 1200000, 1200000, 1200000, 1200000, 1200000, 1200000, 1200000, 65386518340, 65489185435
Wed Apr  5 21:55:14 2023, 4.733261, ipdefaultmem, 1200000, 1200000, 1200000, 1200000, 1200000, 1200000, 1200000, 1200000, 1200000, 1200000, 1200000, 1200000, 1200000, 1200000, 1200000, 1200000, 1200000, 1200000, 1200000, 1200000, 1200000, 1200000, 1200000, 1200000, 65508167503, 65674046412
Wed Apr  5 21:55:20 2023, 4.907653, ipdefaultmem, 1200000, 1200000, 1200000, 1200000, 1200000, 1200000, 1200000, 1200000, 1200000, 1200000, 1200000, 1200000, 1200000, 1200000, 1200000, 1200000, 1200000, 1200000, 1200000, 1200000, 1200000, 1200000, 1200000, 1200000, 65694773898, 65868891372
Wed Apr  5 21:55:26 2023, 4.713715, ipdefaultmem, 1200000, 1200000, 1200000, 1200000, 1200000, 1200000, 1200000, 1200000, 1200000, 1200000, 1200000, 1200000, 1200000, 1200000, 1200000, 1200000, 1200000, 1200000, 1200000, 1200000, 1200000, 1200000, 1200000, 1200000, 65888094509, 65981559907
Wed Apr  5 21:55:31 2023, 4.622808, ipdefaultmem, 1200000, 1200000, 1200000, 1200000, 1200000, 1200000, 1200000, 1200000, 1200000, 1200000, 1200000, 1200000, 1200000, 1200000, 1200000, 1200000, 1200000, 1200000, 1200000, 1200000, 1200000, 1200000, 1200000, 1200000, 65998799426, 66161894284
Wed Apr  5 21:55:37 2023, 4.753935, ipdefaultmem, 1200000, 1200000, 1200000, 1200000, 1200000, 1200000, 1200000, 1200000, 1200000, 1200000, 1200000, 1200000, 1200000, 1200000, 1200000, 1200000, 1200000, 1200000, 1200000, 1200000, 1200000, 1200000, 1200000, 1200000, 66181288888, 66346903881
Wed Apr  5 21:55:42 2023, 4.964365, ipdefaultmem, 1200000, 1200000, 1200000, 1200000, 1200000, 1200000, 1200000, 1200000, 1200000, 1200000, 1200000, 1200000, 1200000, 1200000, 1200000, 1200000, 1200000, 1200000, 1200000, 1200000, 1200000, 1200000, 1200000, 1200000, 66366555626, 66501000411
Wed Apr  5 21:55:48 2023, 4.734213, ipdefaultmem, 1200000, 1200000, 1200000, 1200000, 1200000, 1200000, 1200000, 1200000, 1200000, 1200000, 1200000, 1200000, 1200000, 1200000, 1200000, 1200000, 1200000, 1200000, 1200000, 1200000, 1200000, 1200000, 1200000, 1200000, 66529457308, 66694312904
Wed Apr  5 21:55:54 2023, 4.687683, ipdefaultmem, 1200000, 1200000, 1200000, 1200000, 1200000, 1200000, 1200000, 1200000, 1200000, 1200000, 1200000, 1200000, 1200000, 1200000, 1200000, 1200000, 1200000, 1200000, 1200000, 1200000, 1200000, 1200000, 1200000, 1200000, 66714192797, 66807264825
Wed Apr  5 21:55:59 2023, 4.691022, ipdefaultmem, 1200000, 1200000, 1200000, 1200000, 1200000, 1200000, 1200000, 1200000, 1200000, 1200000, 1200000, 1200000, 1200000, 1200000, 1200000, 1200000, 1200000, 1200000, 1200000, 1200000, 1200000, 1200000, 1200000, 1200000, 66824315196, 66988147235
Wed Apr  5 21:56:05 2023, 4.698202, ipdefaultmem, 1200000, 1200000, 1200000, 1200000, 1200000, 1200000, 1200000, 1200000, 1200000, 1200000, 1200000, 1200000, 1200000, 1200000, 1200000, 1200000, 1200000, 1200000, 1200000, 1200000, 1200000, 1200000, 1200000, 1200000, 67007637419, 67172787326
Wed Apr  5 21:56:10 2023, 4.688758, ipdefaultmem, 1200000, 1200000, 1200000, 1200000, 1200000, 1200000, 1200000, 1200000, 1200000, 1200000, 1200000, 1200000, 1200000, 1200000, 1200000, 1200000, 1200000, 1200000, 1200000, 1200000, 1200000, 1200000, 1200000, 1200000, 67195129920, 67360928080
Wed Apr  5 21:56:16 2023, 4.643675, ipdefaultmem, 1200000, 1200000, 1200000, 1200000, 1200000, 1200000, 1200000, 1200000, 1200000, 1200000, 1200000, 1200000, 1200000, 1200000, 1200000, 1200000, 1200000, 1200000, 1200000, 1200000, 1200000, 1200000, 1200000, 1200000, 67381149403, 67474429498
Wed Apr  5 21:56:21 2023, 4.700940, ipdefaultmem, 1200000, 1200000, 1200000, 1200000, 1200000, 1200000, 1200000, 1200000, 1200000, 1200000, 1200000, 1200000, 1200000, 1200000, 1200000, 1200000, 1200000, 1200000, 1200000, 1200000, 1200000, 1200000, 1200000, 1200000, 67490205703, 67583524922
Wed Apr  5 21:56:27 2023, 4.749811, ipdefaultmem, 1200000, 1200000, 1200000, 1200000, 1200000, 1200000, 1200000, 1200000, 1200000, 1200000, 1200000, 1200000, 1200000, 1200000, 1200000, 1200000, 1200000, 1200000, 1200000, 1200000, 1200000, 1200000, 1200000, 1200000, 67601644993, 67696573766
Wed Apr  5 21:56:32 2023, 4.916346, ipdefaultmem, 1200000, 1200000, 1200000, 1200000, 1200000, 1200000, 1200000, 1200000, 1200000, 1200000, 1200000, 1200000, 1200000, 1200000, 1200000, 1200000, 1200000, 1200000, 1200000, 1200000, 1200000, 1200000, 1200000, 1200000, 67713019769, 67810643665
Wed Apr  5 21:56:38 2023, 4.753351, ipdefaultmem, 1200000, 1200000, 1200000, 1200000, 1200000, 1200000, 1200000, 1200000, 1200000, 1200000, 1200000, 1200000, 1200000, 1200000, 1200000, 1200000, 1200000, 1200000, 1200000, 1200000, 1200000, 1200000, 1200000, 1200000, 67826797005, 67992443553
Wed Apr  5 21:56:44 2023, 5.464168, ipdefaultmem, 1200000, 1200000, 1200000, 1200000, 1200000, 1200000, 1200000, 1200000, 1200000, 1200000, 1200000, 1200000, 1200000, 1200000, 1200000, 1200000, 1200000, 1200000, 1200000, 1200000, 1200000, 1200000, 1200000, 1200000, 68013823931, 68207171641
, ipdefaultio, 400000, 400000, 400000, 400000, 400000, 400000, 400000, 400000, ,
, ipdefaultio, 400000, 400000, 400000, 400000, 400000, 400000, 400000, 400000, ,
Fri Apr  7 13:02:27 2023, 0.000599, ipdefaultio, 400000, 400000, 400000, 400000, 400000, 400000, 400000, 400000, ,
Fri Apr  7 13:03:47 2023, 0.000311, ipdefaultio, 400000, 400000, 400000, 400000, 400000, 400000, 400000, 400000, ,
Fri Apr  7 13:03:59 2023, 0.001554Fri Apr  7 13:04:51 2023, 0.000320, ipdefaultio, 400000, 400000, 400000, 400000, 400000, 400000, 400000, 400000, ,
Fri Apr  7 13:04:58 2023, 0.000976Fri Apr  7 13:07:39 2023, 0.000437, ipdefaultio, 400000, 400000, 400000, 400000, 400000, 400000, 400000, 400000, ,
Fri Apr  7 13:07:42 2023, 0.001519Fri Apr  7 13:09:34 2023, 0.000475, ipdefaultio, 400000, 400000, 400000, 400000, 400000, 400000, 400000, 400000, ,
Fri Apr  7 13:09:45 2023, 0.001563Fri Apr  7 13:12:44 2023, 0.000343, ipdefaultio, 400000, 400000, 400000, 400000, 400000, 400000, 400000, 400000, ,
Fri Apr  7 13:13:10 2023, 0.006387, ipdefaultio, 400000, 400000, 400000, 400000, 400000, 400000, 400000, 400000, ,
Fri Apr  7 13:14:11 2023, 0.005517, ipdefaultio, 400000, 400000, 400000, 400000, 400000, 400000, 400000, 400000, ,
Fri Apr  7 13:14:59 2023, 0.071221, ipdefaultio, 400000, 400000, 400000, 400000, 400000, 400000, 400000, 400000, ,
Fri Apr  7 13:18:50 2023, 0.744360, ipdefaultio, 400000, 400000, 400000, 400000, 400000, 400000, 400000, 400000, ,
Fri Apr  7 13:19:03 2023, 0.776488, ipdefaultio, 400000, 400000, 400000, 400000, 400000, 400000, 400000, 400000, ,
Fri Apr  7 13:19:07 2023, 0.792662, ipdefaultio, 400000, 400000, 400000, 400000, 400000, 400000, 400000, 400000, ,
Fri Apr  7 13:19:41 2023, 7.588705, ipdefaultio, 400000, 400000, 400000, 400000, 400000, 400000, 400000, 400000, ,
Fri Apr  7 13:20:55 2023, 39.774484, ipdefaultio, 400000, 400000, 400000, 400000, 400000, 400000, 400000, 400000, ,
Fri Apr  7 13:22:20 2023, 38.394317, ipdefaultio, 400000, 400000, 400000, 400000, 400000, 400000, 400000, 400000, ,
Fri Apr  7 13:31:23 2023, 43.445998, ipio, 1200000, 1200000, 1200000, 1200000, 1200000, 1200000, 1200000, 1200000, 1200000, 1200000, 1200000, 1200000, 1200000, 1200000, 1200000, 1200000, 1200000, 1200000, 1200000, 1200000, 1200000, 1200000, 1200000, 1200000, 105810499143, 107556457503
Fri Apr  7 13:32:42 2023, 43.894516, ipio, 1200000, 1200000, 1200000, 1200000, 1200000, 1200000, 1200000, 1200000, 1200000, 1200000, 1200000, 1200000, 1200000, 1200000, 1200000, 1200000, 1200000, 1200000, 1200000, 1200000, 1200000, 1200000, 1200000, 1200000, 107607969090, 109371874731
Fri Apr  7 13:34:02 2023, 44.648960, ipio, 1200000, 1200000, 1200000, 1200000, 1200000, 1200000, 1200000, 1200000, 1200000, 1200000, 1200000, 1200000, 1200000, 1200000, 1200000, 1200000, 1200000, 1200000, 1200000, 1200000, 1200000, 1200000, 1200000, 1200000, 109424444726, 111185624177
Fri Apr  7 13:35:21 2023, 44.250997, ipio, 1200000, 1200000, 1200000, 1200000, 1200000, 1200000, 1200000, 1200000, 1200000, 1200000, 1200000, 1200000, 1200000, 1200000, 1200000, 1200000, 1200000, 1200000, 1200000, 1200000, 1200000, 1200000, 1200000, 1200000, 111243755071, 113016654341
Fri Apr  7 13:36:41 2023, 44.886536, ipio, 1200000, 1200000, 1200000, 1200000, 1200000, 1200000, 1200000, 1200000, 1200000, 1200000, 1200000, 1200000, 1200000, 1200000, 1200000, 1200000, 1200000, 1200000, 1200000, 1200000, 1200000, 1200000, 1200000, 1200000, 113070256010, 114835253872
Fri Apr  7 13:38:00 2023, 44.128300, ipio, 1200000, 1200000, 1200000, 1200000, 1200000, 1200000, 1200000, 1200000, 1200000, 1200000, 1200000, 1200000, 1200000, 1200000, 1200000, 1200000, 1200000, 1200000, 1200000, 1200000, 1200000, 1200000, 1200000, 1200000, 114889214122, 116642936744
Fri Apr  7 13:39:21 2023, 44.786590, ipio, 1200000, 1200000, 1200000, 1200000, 1200000, 1200000, 1200000, 1200000, 1200000, 1200000, 1200000, 1200000, 1200000, 1200000, 1200000, 1200000, 1200000, 1200000, 1200000, 1200000, 1200000, 1200000, 1200000, 1200000, 116724507275, 118475408127
Fri Apr  7 13:40:40 2023, 44.654680, ipio, 1200000, 1200000, 1200000, 1200000, 1200000, 1200000, 1200000, 1200000, 1200000, 1200000, 1200000, 1200000, 1200000, 1200000, 1200000, 1200000, 1200000, 1200000, 1200000, 1200000, 1200000, 1200000, 1200000, 1200000, 118528056674, 120282775144
Fri Apr  7 13:41:59 2023, 43.674022, ipio, 1200000, 1200000, 1200000, 1200000, 1200000, 1200000, 1200000, 1200000, 1200000, 1200000, 1200000, 1200000, 1200000, 1200000, 1200000, 1200000, 1200000, 1200000, 1200000, 1200000, 1200000, 1200000, 1200000, 1200000, 120338978857, 122105495941
Fri Apr  7 13:43:19 2023, 43.767894, ipio, 1200000, 1200000, 1200000, 1200000, 1200000, 1200000, 1200000, 1200000, 1200000, 1200000, 1200000, 1200000, 1200000, 1200000, 1200000, 1200000, 1200000, 1200000, 1200000, 1200000, 1200000, 1200000, 1200000, 1200000, 122159059037, 123920839133
Fri Apr  7 13:45:00 2023, 42.719301, ipdefaultio, 1200000, 1200000, 1200000, 1200000, 1200000, 1200000, 1200000, 1200000, 1200000, 1200000, 1200000, 1200000, 1200000, 1200000, 1200000, 1200000, 1200000, 1200000, 1200000, 1200000, 1200000, 1200000, 1200000, 1200000, 124229838892, 125999409374
Fri Apr  7 13:46:18 2023, 43.570523, ipdefaultio, 1200000, 1200000, 1200000, 1200000, 1200000, 1200000, 1200000, 1200000, 1200000, 1200000, 1200000, 1200000, 1200000, 1200000, 1200000, 1200000, 1200000, 1200000, 1200000, 1200000, 1200000, 1200000, 1200000, 1200000, 126026622439, 127790951968
Fri Apr  7 13:47:36 2023, 43.832646, ipdefaultio, 1200000, 1200000, 1200000, 1200000, 1200000, 1200000, 1200000, 1200000, 1200000, 1200000, 1200000, 1200000, 1200000, 1200000, 1200000, 1200000, 1200000, 1200000, 1200000, 1200000, 1200000, 1200000, 1200000, 1200000, 127818189630, 129592133270
Fri Apr  7 13:48:54 2023, 43.807870, ipdefaultio, 1200000, 1200000, 1200000, 1200000, 1200000, 1200000, 1200000, 1200000, 1200000, 1200000, 1200000, 1200000, 1200000, 1200000, 1200000, 1200000, 1200000, 1200000, 1200000, 1200000, 1200000, 1200000, 1200000, 1200000, 129617591701, 131383885885
Fri Apr  7 13:50:12 2023, 43.618541, ipdefaultio, 1200000, 1200000, 1200000, 1200000, 1200000, 1200000, 1200000, 1200000, 1200000, 1200000, 1200000, 1200000, 1200000, 1200000, 1200000, 1200000, 1200000, 1200000, 1200000, 1200000, 1200000, 1200000, 1200000, 1200000, 131412243783, 133186635664
Fri Apr  7 13:51:31 2023, 43.742417, ipdefaultio, 1200000, 1200000, 1200000, 1200000, 1200000, 1200000, 1200000, 1200000, 1200000, 1200000, 1200000, 1200000, 1200000, 1200000, 1200000, 1200000, 1200000, 1200000, 1200000, 1200000, 1200000, 1200000, 1200000, 1200000, 133222886487, 134979124057
Fri Apr  7 13:52:49 2023, 42.789196, ipdefaultio, 1200000, 1200000, 1200000, 1200000, 1200000, 1200000, 1200000, 1200000, 1200000, 1200000, 1200000, 1200000, 1200000, 1200000, 1200000, 1200000, 1200000, 1200000, 1200000, 1200000, 1200000, 1200000, 1200000, 1200000, 135004952115, 136787430035
Fri Apr  7 13:54:07 2023, 43.534392, ipdefaultio, 1200000, 1200000, 1200000, 1200000, 1200000, 1200000, 1200000, 1200000, 1200000, 1200000, 1200000, 1200000, 1200000, 1200000, 1200000, 1200000, 1200000, 1200000, 1200000, 1200000, 1200000, 1200000, 1200000, 1200000, 136813673803, 138586419021
Fri Apr  7 13:55:25 2023, 43.943356, ipdefaultio, 1200000, 1200000, 1200000, 1200000, 1200000, 1200000, 1200000, 1200000, 1200000, 1200000, 1200000, 1200000, 1200000, 1200000, 1200000, 1200000, 1200000, 1200000, 1200000, 1200000, 1200000, 1200000, 1200000, 1200000, 138613167366, 140381121763
Fri Apr  7 13:56:43 2023, 44.132544, ipdefaultio, 1200000, 1200000, 1200000, 1200000, 1200000, 1200000, 1200000, 1200000, 1200000, 1200000, 1200000, 1200000, 1200000, 1200000, 1200000, 1200000, 1200000, 1200000, 1200000, 1200000, 1200000, 1200000, 1200000, 1200000, 140408668568, 142175159529
Fri Apr  7 14:04:11 2023, 18.407890, ipio, 1200000, 1200000, 1200000, 1200000, 1200000, 1200000, 1200000, 1200000, 1200000, 1200000, 1200000, 1200000, 1200000, 1200000, 1200000, 1200000, 1200000, 1200000, 1200000, 1200000, 1200000, 1200000, 1200000, 1200000, 146965631396, 147649366035
Fri Apr  7 14:04:42 2023, 17.230340, ipio, 1200000, 1200000, 1200000, 1200000, 1200000, 1200000, 1200000, 1200000, 1200000, 1200000, 1200000, 1200000, 1200000, 1200000, 1200000, 1200000, 1200000, 1200000, 1200000, 1200000, 1200000, 1200000, 1200000, 1200000, 147703052787, 148338986889
Fri Apr  7 14:05:14 2023, 17.859115, ipio, 1200000, 1200000, 1200000, 1200000, 1200000, 1200000, 1200000, 1200000, 1200000, 1200000, 1200000, 1200000, 1200000, 1200000, 1200000, 1200000, 1200000, 1200000, 1200000, 1200000, 1200000, 1200000, 1200000, 1200000, 148385888502, 149065432051
Fri Apr  7 14:05:47 2023, 17.685873, ipio, 1200000, 1200000, 1200000, 1200000, 1200000, 1200000, 1200000, 1200000, 1200000, 1200000, 1200000, 1200000, 1200000, 1200000, 1200000, 1200000, 1200000, 1200000, 1200000, 1200000, 1200000, 1200000, 1200000, 1200000, 149116063757, 149801514517
Fri Apr  7 14:06:18 2023, 17.901117, ipio, 1200000, 1200000, 1200000, 1200000, 1200000, 1200000, 1200000, 1200000, 1200000, 1200000, 1200000, 1200000, 1200000, 1200000, 1200000, 1200000, 1200000, 1200000, 1200000, 1200000, 1200000, 1200000, 1200000, 1200000, 149848899527, 150511846744
Fri Apr  7 14:06:49 2023, 18.046095, ipio, 1200000, 1200000, 1200000, 1200000, 1200000, 1200000, 1200000, 1200000, 1200000, 1200000, 1200000, 1200000, 1200000, 1200000, 1200000, 1200000, 1200000, 1200000, 1200000, 1200000, 1200000, 1200000, 1200000, 1200000, 150562204708, 151227020755
Fri Apr  7 14:07:19 2023, 18.125311, ipio, 1200000, 1200000, 1200000, 1200000, 1200000, 1200000, 1200000, 1200000, 1200000, 1200000, 1200000, 1200000, 1200000, 1200000, 1200000, 1200000, 1200000, 1200000, 1200000, 1200000, 1200000, 1200000, 1200000, 1200000, 151274847232, 151917978703
Fri Apr  7 14:07:50 2023, 17.487398, ipio, 1200000, 1200000, 1200000, 1200000, 1200000, 1200000, 1200000, 1200000, 1200000, 1200000, 1200000, 1200000, 1200000, 1200000, 1200000, 1200000, 1200000, 1200000, 1200000, 1200000, 1200000, 1200000, 1200000, 1200000, 151971881886, 152627041463
Fri Apr  7 14:08:21 2023, 17.858392, ipio, 1200000, 1200000, 1200000, 1200000, 1200000, 1200000, 1200000, 1200000, 1200000, 1200000, 1200000, 1200000, 1200000, 1200000, 1200000, 1200000, 1200000, 1200000, 1200000, 1200000, 1200000, 1200000, 1200000, 1200000, 152674465292, 153325247256
Fri Apr  7 14:08:53 2023, 16.918012, ipio, 1200000, 1200000, 1200000, 1200000, 1200000, 1200000, 1200000, 1200000, 1200000, 1200000, 1200000, 1200000, 1200000, 1200000, 1200000, 1200000, 1200000, 1200000, 1200000, 1200000, 1200000, 1200000, 1200000, 1200000, 153376987480, 154070886827
Fri Apr  7 14:13:33 2023, 15.786494, ipdefaultio, 1200000, 1200000, 1200000, 1200000, 1200000, 1200000, 1200000, 1200000, 1200000, 1200000, 1200000, 1200000, 1200000, 1200000, 1200000, 1200000, 1200000, 1200000, 1200000, 1200000, 1200000, 1200000, 1200000, 1200000, 156918935871, 157603084022
Fri Apr  7 14:14:03 2023, 17.101010, ipdefaultio, 1200000, 1200000, 1200000, 1200000, 1200000, 1200000, 1200000, 1200000, 1200000, 1200000, 1200000, 1200000, 1200000, 1200000, 1200000, 1200000, 1200000, 1200000, 1200000, 1200000, 1200000, 1200000, 1200000, 1200000, 157621716238, 158307714848
Fri Apr  7 14:14:34 2023, 16.474711, ipdefaultio, 1200000, 1200000, 1200000, 1200000, 1200000, 1200000, 1200000, 1200000, 1200000, 1200000, 1200000, 1200000, 1200000, 1200000, 1200000, 1200000, 1200000, 1200000, 1200000, 1200000, 1200000, 1200000, 1200000, 1200000, 158334091795, 159021956733
Fri Apr  7 14:15:02 2023, 15.373636, ipdefaultio, 1200000, 1200000, 1200000, 1200000, 1200000, 1200000, 1200000, 1200000, 1200000, 1200000, 1200000, 1200000, 1200000, 1200000, 1200000, 1200000, 1200000, 1200000, 1200000, 1200000, 1200000, 1200000, 1200000, 1200000, 159041148578, 159706635400
Fri Apr  7 14:15:32 2023, 17.222328, ipdefaultio, 1200000, 1200000, 1200000, 1200000, 1200000, 1200000, 1200000, 1200000, 1200000, 1200000, 1200000, 1200000, 1200000, 1200000, 1200000, 1200000, 1200000, 1200000, 1200000, 1200000, 1200000, 1200000, 1200000, 1200000, 159726071446, 160423791950
Fri Apr  7 14:16:03 2023, 16.685967, ipdefaultio, 1200000, 1200000, 1200000, 1200000, 1200000, 1200000, 1200000, 1200000, 1200000, 1200000, 1200000, 1200000, 1200000, 1200000, 1200000, 1200000, 1200000, 1200000, 1200000, 1200000, 1200000, 1200000, 1200000, 1200000, 160451377573, 161156435277
Fri Apr  7 14:16:33 2023, 16.749476, ipdefaultio, 1200000, 1200000, 1200000, 1200000, 1200000, 1200000, 1200000, 1200000, 1200000, 1200000, 1200000, 1200000, 1200000, 1200000, 1200000, 1200000, 1200000, 1200000, 1200000, 1200000, 1200000, 1200000, 1200000, 1200000, 161174390248, 161857135083
Fri Apr  7 14:17:04 2023, 17.001747, ipdefaultio, 1200000, 1200000, 1200000, 1200000, 1200000, 1200000, 1200000, 1200000, 1200000, 1200000, 1200000, 1200000, 1200000, 1200000, 1200000, 1200000, 1200000, 1200000, 1200000, 1200000, 1200000, 1200000, 1200000, 1200000, 161882875495, 162573316233
Fri Apr  7 14:17:34 2023, 16.689188, ipdefaultio, 1200000, 1200000, 1200000, 1200000, 1200000, 1200000, 1200000, 1200000, 1200000, 1200000, 1200000, 1200000, 1200000, 1200000, 1200000, 1200000, 1200000, 1200000, 1200000, 1200000, 1200000, 1200000, 1200000, 1200000, 162591733300, 163293591610
Fri Apr  7 14:18:05 2023, 16.665620, ipdefaultio, 1200000, 1200000, 1200000, 1200000, 1200000, 1200000, 1200000, 1200000, 1200000, 1200000, 1200000, 1200000, 1200000, 1200000, 1200000, 1200000, 1200000, 1200000, 1200000, 1200000, 1200000, 1200000, 1200000, 1200000, 163317755428, 163990285078
Fri Apr  7 15:47:53 2023, 10.873350, ipio,, 169818282121, 170232967400
Fri Apr  7 15:48:04 2023, 11.187945, ipio,, 170244342310, 170671001984
Fri Apr  7 15:51:21 2023, 19.978966, ipio, 1200000, 1200000, 1200000, 1200000, 1200000, 1200000, 1200000, 1200000, 1200000, 1200000, 1200000, 1200000, 1200000, 1200000, 1200000, 1200000, 1200000, 1200000, 1200000, 1200000, 1200000, 1200000, 1200000, 1200000, 227382209770, 228055445046
Fri Apr  7 15:51:55 2023, 19.703225, ipio, 1200000, 1200000, 1200000, 1200000, 1200000, 1200000, 1200000, 1200000, 1200000, 1200000, 1200000, 1200000, 1200000, 1200000, 1200000, 1200000, 1200000, 1200000, 1200000, 1200000, 1200000, 1200000, 1200000, 1200000, 228100484176, 228777678487
Fri Apr  7 15:52:27 2023, 20.009829, ipio, 1200000, 1200000, 1200000, 1200000, 1200000, 1200000, 1200000, 1200000, 1200000, 1200000, 1200000, 1200000, 1200000, 1200000, 1200000, 1200000, 1200000, 1200000, 1200000, 1200000, 1200000, 1200000, 1200000, 1200000, 228832491824, 229487347630
Fri Apr  7 15:52:59 2023, 19.786398, ipio, 1200000, 1200000, 1200000, 1200000, 1200000, 1200000, 1200000, 1200000, 1200000, 1200000, 1200000, 1200000, 1200000, 1200000, 1200000, 1200000, 1200000, 1200000, 1200000, 1200000, 1200000, 1200000, 1200000, 1200000, 229534144019, 230190524358
Fri Apr  7 15:53:32 2023, 19.711076, ipio, 1200000, 1200000, 1200000, 1200000, 1200000, 1200000, 1200000, 1200000, 1200000, 1200000, 1200000, 1200000, 1200000, 1200000, 1200000, 1200000, 1200000, 1200000, 1200000, 1200000, 1200000, 1200000, 1200000, 1200000, 230244818591, 230909504085
Fri Apr  7 15:54:03 2023, 19.608053, ipio, 1200000, 1200000, 1200000, 1200000, 1200000, 1200000, 1200000, 1200000, 1200000, 1200000, 1200000, 1200000, 1200000, 1200000, 1200000, 1200000, 1200000, 1200000, 1200000, 1200000, 1200000, 1200000, 1200000, 1200000, 230955231018, 231599992002
Fri Apr  7 15:54:36 2023, 19.926914, ipio, 1200000, 1200000, 1200000, 1200000, 1200000, 1200000, 1200000, 1200000, 1200000, 1200000, 1200000, 1200000, 1200000, 1200000, 1200000, 1200000, 1200000, 1200000, 1200000, 1200000, 1200000, 1200000, 1200000, 1200000, 231652471055, 232321059187
Fri Apr  7 15:55:09 2023, 19.515751, ipio, 1200000, 1200000, 1200000, 1200000, 1200000, 1200000, 1200000, 1200000, 1200000, 1200000, 1200000, 1200000, 1200000, 1200000, 1200000, 1200000, 1200000, 1200000, 1200000, 1200000, 1200000, 1200000, 1200000, 1200000, 232367502488, 233028862367
Fri Apr  7 15:55:43 2023, 19.761958, ipio, 1200000, 1200000, 1200000, 1200000, 1200000, 1200000, 1200000, 1200000, 1200000, 1200000, 1200000, 1200000, 1200000, 1200000, 1200000, 1200000, 1200000, 1200000, 1200000, 1200000, 1200000, 1200000, 1200000, 1200000, 233109910256, 233763772656
Fri Apr  7 15:56:16 2023, 19.975164, ipio, 1200000, 1200000, 1200000, 1200000, 1200000, 1200000, 1200000, 1200000, 1200000, 1200000, 1200000, 1200000, 1200000, 1200000, 1200000, 1200000, 1200000, 1200000, 1200000, 1200000, 1200000, 1200000, 1200000, 1200000, 233810959792, 234475296653
Fri Apr  7 15:57:29 2023, 16.573270, ipdefaultio, 1200000, 1200000, 1200000, 1200000, 1200000, 1200000, 1200000, 1200000, 1200000, 1200000, 1200000, 1200000, 1200000, 1200000, 1200000, 1200000, 1200000, 1200000, 1200000, 1200000, 1200000, 1200000, 1200000, 1200000, 234997179960, 235690878685
Fri Apr  7 15:57:59 2023, 15.669788, ipdefaultio, 1200000, 1200000, 1200000, 1200000, 1200000, 1200000, 1200000, 1200000, 1200000, 1200000, 1200000, 1200000, 1200000, 1200000, 1200000, 1200000, 1200000, 1200000, 1200000, 1200000, 1200000, 1200000, 1200000, 1200000, 235716874468, 236410404065
Fri Apr  7 15:58:26 2023, 15.391406, ipdefaultio, 1200000, 1200000, 1200000, 1200000, 1200000, 1200000, 1200000, 1200000, 1200000, 1200000, 1200000, 1200000, 1200000, 1200000, 1200000, 1200000, 1200000, 1200000, 1200000, 1200000, 1200000, 1200000, 1200000, 1200000, 236433143814, 237100090104
Fri Apr  7 15:58:54 2023, 15.770143, ipdefaultio, 1200000, 1200000, 1200000, 1200000, 1200000, 1200000, 1200000, 1200000, 1200000, 1200000, 1200000, 1200000, 1200000, 1200000, 1200000, 1200000, 1200000, 1200000, 1200000, 1200000, 1200000, 1200000, 1200000, 1200000, 237119506986, 237770753793
Fri Apr  7 15:59:25 2023, 17.354374, ipdefaultio, 1200000, 1200000, 1200000, 1200000, 1200000, 1200000, 1200000, 1200000, 1200000, 1200000, 1200000, 1200000, 1200000, 1200000, 1200000, 1200000, 1200000, 1200000, 1200000, 1200000, 1200000, 1200000, 1200000, 1200000, 237796643802, 238481059225
Fri Apr  7 15:59:52 2023, 15.447558, ipdefaultio, 1200000, 1200000, 1200000, 1200000, 1200000, 1200000, 1200000, 1200000, 1200000, 1200000, 1200000, 1200000, 1200000, 1200000, 1200000, 1200000, 1200000, 1200000, 1200000, 1200000, 1200000, 1200000, 1200000, 1200000, 238499583287, 239158287411
Fri Apr  7 16:00:22 2023, 16.433306, ipdefaultio, 1200000, 1200000, 1200000, 1200000, 1200000, 1200000, 1200000, 1200000, 1200000, 1200000, 1200000, 1200000, 1200000, 1200000, 1200000, 1200000, 1200000, 1200000, 1200000, 1200000, 1200000, 1200000, 1200000, 1200000, 239180197145, 239862418177
Fri Apr  7 16:00:54 2023, 16.822819, ipdefaultio, 1200000, 1200000, 1200000, 1200000, 1200000, 1200000, 1200000, 1200000, 1200000, 1200000, 1200000, 1200000, 1200000, 1200000, 1200000, 1200000, 1200000, 1200000, 1200000, 1200000, 1200000, 1200000, 1200000, 1200000, 239898129328, 240596548744
Fri Apr  7 16:01:24 2023, 17.195782, ipdefaultio, 1200000, 1200000, 1200000, 1200000, 1200000, 1200000, 1200000, 1200000, 1200000, 1200000, 1200000, 1200000, 1200000, 1200000, 1200000, 1200000, 1200000, 1200000, 1200000, 1200000, 1200000, 1200000, 1200000, 1200000, 240617508834, 241307749316
Fri Apr  7 16:01:55 2023, 17.370439, ipdefaultio, 1200000, 1200000, 1200000, 1200000, 1200000, 1200000, 1200000, 1200000, 1200000, 1200000, 1200000, 1200000, 1200000, 1200000, 1200000, 1200000, 1200000, 1200000, 1200000, 1200000, 1200000, 1200000, 1200000, 1200000, 241332686263, 242022286549
Fri Apr  7 16:07:38 2023, 17.393223, ipio, 1200000, 1200000, 1200000, 1200000, 1200000, 1200000, 1200000, 1200000, 1200000, 1200000, 1200000, 1200000, 1200000, 1200000, 1200000, 1200000, 1200000, 1200000, 1200000, 1200000, 1200000, 1200000, 1200000, 1200000, 245589017225, 246292542585
Fri Apr  7 16:08:10 2023, 16.609931, ipio, 1200000, 1200000, 1200000, 1200000, 1200000, 1200000, 1200000, 1200000, 1200000, 1200000, 1200000, 1200000, 1200000, 1200000, 1200000, 1200000, 1200000, 1200000, 1200000, 1200000, 1200000, 1200000, 1200000, 1200000, 246338409960, 247053382190
Fri Apr  7 16:08:41 2023, 16.499905, ipio, 1200000, 1200000, 1200000, 1200000, 1200000, 1200000, 1200000, 1200000, 1200000, 1200000, 1200000, 1200000, 1200000, 1200000, 1200000, 1200000, 1200000, 1200000, 1200000, 1200000, 1200000, 1200000, 1200000, 1200000, 247106932285, 247782189040
Fri Apr  7 16:09:13 2023, 16.835466, ipio, 1200000, 1200000, 1200000, 1200000, 1200000, 1200000, 1200000, 1200000, 1200000, 1200000, 1200000, 1200000, 1200000, 1200000, 1200000, 1200000, 1200000, 1200000, 1200000, 1200000, 1200000, 1200000, 1200000, 1200000, 247828111652, 248536922398
Fri Apr  7 16:09:45 2023, 17.029316, ipio, 1200000, 1200000, 1200000, 1200000, 1200000, 1200000, 1200000, 1200000, 1200000, 1200000, 1200000, 1200000, 1200000, 1200000, 1200000, 1200000, 1200000, 1200000, 1200000, 1200000, 1200000, 1200000, 1200000, 1200000, 248588931603, 249299538366
Fri Apr  7 16:10:17 2023, 17.436407, ipio, 1200000, 1200000, 1200000, 1200000, 1200000, 1200000, 1200000, 1200000, 1200000, 1200000, 1200000, 1200000, 1200000, 1200000, 1200000, 1200000, 1200000, 1200000, 1200000, 1200000, 1200000, 1200000, 1200000, 1200000, 249347574498, 250056109976
Fri Apr  7 16:10:49 2023, 17.233585, ipio, 1200000, 1200000, 1200000, 1200000, 1200000, 1200000, 1200000, 1200000, 1200000, 1200000, 1200000, 1200000, 1200000, 1200000, 1200000, 1200000, 1200000, 1200000, 1200000, 1200000, 1200000, 1200000, 1200000, 1200000, 250110103002, 250805110073
Fri Apr  7 16:11:21 2023, 17.514240, ipio, 1200000, 1200000, 1200000, 1200000, 1200000, 1200000, 1200000, 1200000, 1200000, 1200000, 1200000, 1200000, 1200000, 1200000, 1200000, 1200000, 1200000, 1200000, 1200000, 1200000, 1200000, 1200000, 1200000, 1200000, 250850656343, 251549252211
Fri Apr  7 16:11:53 2023, 16.949836, ipio, 1200000, 1200000, 1200000, 1200000, 1200000, 1200000, 1200000, 1200000, 1200000, 1200000, 1200000, 1200000, 1200000, 1200000, 1200000, 1200000, 1200000, 1200000, 1200000, 1200000, 1200000, 1200000, 1200000, 1200000, 251602129883, 252304664706
Fri Apr  7 16:12:24 2023, 17.507095, ipio, 1200000, 1200000, 1200000, 1200000, 1200000, 1200000, 1200000, 1200000, 1200000, 1200000, 1200000, 1200000, 1200000, 1200000, 1200000, 1200000, 1200000, 1200000, 1200000, 1200000, 1200000, 1200000, 1200000, 1200000, 252351202856, 253045636076
Fri Apr  7 16:20:53 2023, 18.091678, ipio, 1200000, 1200000, 1200000, 1200000, 1200000, 1200000, 1200000, 1200000, 1200000, 1200000, 1200000, 1200000, 1200000, 1200000, 1200000, 1200000, 1200000, 1200000, 1200000, 1200000, 1200000, 1200000, 1200000, 1200000, 258606359145, 259286224165
Fri Apr  7 16:21:25 2023, 17.912364, ipio, 1200000, 1200000, 1200000, 1200000, 1200000, 1200000, 1200000, 1200000, 1200000, 1200000, 1200000, 1200000, 1200000, 1200000, 1200000, 1200000, 1200000, 1200000, 1200000, 1200000, 1200000, 1200000, 1200000, 1200000, 259331132253, 260000924239
Fri Apr  7 16:21:56 2023, 17.608459, ipio, 1200000, 1200000, 1200000, 1200000, 1200000, 1200000, 1200000, 1200000, 1200000, 1200000, 1200000, 1200000, 1200000, 1200000, 1200000, 1200000, 1200000, 1200000, 1200000, 1200000, 1200000, 1200000, 1200000, 1200000, 260053960908, 260703723649
Fri Apr  7 16:22:26 2023, 18.060262, ipio, 1200000, 1200000, 1200000, 1200000, 1200000, 1200000, 1200000, 1200000, 1200000, 1200000, 1200000, 1200000, 1200000, 1200000, 1200000, 1200000, 1200000, 1200000, 1200000, 1200000, 1200000, 1200000, 1200000, 1200000, 260749783833, 261396113417
Fri Apr  7 16:22:58 2023, 17.525855, ipio, 1200000, 1200000, 1200000, 1200000, 1200000, 1200000, 1200000, 1200000, 1200000, 1200000, 1200000, 1200000, 1200000, 1200000, 1200000, 1200000, 1200000, 1200000, 1200000, 1200000, 1200000, 1200000, 1200000, 1200000, 261450929560, 262121019703
Fri Apr  7 16:23:30 2023, 18.076935, ipio, 1200000, 1200000, 1200000, 1200000, 1200000, 1200000, 1200000, 1200000, 1200000, 1200000, 1200000, 1200000, 1200000, 1200000, 1200000, 1200000, 1200000, 1200000, 1200000, 1200000, 1200000, 1200000, 1200000, 1200000, 23599121, 708310747
Fri Apr  7 16:24:02 2023, 16.942819, ipio, 1200000, 1200000, 1200000, 1200000, 1200000, 1200000, 1200000, 1200000, 1200000, 1200000, 1200000, 1200000, 1200000, 1200000, 1200000, 1200000, 1200000, 1200000, 1200000, 1200000, 1200000, 1200000, 1200000, 1200000, 763435362, 1443794521
Fri Apr  7 16:24:34 2023, 18.361135, ipio, 1200000, 1200000, 1200000, 1200000, 1200000, 1200000, 1200000, 1200000, 1200000, 1200000, 1200000, 1200000, 1200000, 1200000, 1200000, 1200000, 1200000, 1200000, 1200000, 1200000, 1200000, 1200000, 1200000, 1200000, 1491525722, 2171524165
Fri Apr  7 16:25:06 2023, 17.710597, ipio, 1200000, 1200000, 1200000, 1200000, 1200000, 1200000, 1200000, 1200000, 1200000, 1200000, 1200000, 1200000, 1200000, 1200000, 1200000, 1200000, 1200000, 1200000, 1200000, 1200000, 1200000, 1200000, 1200000, 1200000, 2223634749, 2892355205
Fri Apr  7 16:25:38 2023, 18.103421, ipio, 1200000, 1200000, 1200000, 1200000, 1200000, 1200000, 1200000, 1200000, 1200000, 1200000, 1200000, 1200000, 1200000, 1200000, 1200000, 1200000, 1200000, 1200000, 1200000, 1200000, 1200000, 1200000, 1200000, 1200000, 2938093247, 3621758489
Fri Apr  7 16:29:42 2023, 17.886241, ipio, 1200000, 1200000, 1200000, 1200000, 1200000, 1200000, 1200000, 1200000, 1200000, 1200000, 1200000, 1200000, 1200000, 1200000, 1200000, 1200000, 1200000, 1200000, 1200000, 1200000, 1200000, 1200000, 1200000, 1200000, 6101161016, 6790628062
Fri Apr  7 16:30:14 2023, 17.249426, ipio, 1200000, 1200000, 1200000, 1200000, 1200000, 1200000, 1200000, 1200000, 1200000, 1200000, 1200000, 1200000, 1200000, 1200000, 1200000, 1200000, 1200000, 1200000, 1200000, 1200000, 1200000, 1200000, 1200000, 1200000, 6835828691, 7514202931
Fri Apr  7 16:30:49 2023, 17.241804, ipio, 1200000, 1200000, 1200000, 1200000, 1200000, 1200000, 1200000, 1200000, 1200000, 1200000, 1200000, 1200000, 1200000, 1200000, 1200000, 1200000, 1200000, 1200000, 1200000, 1200000, 1200000, 1200000, 1200000, 1200000, 7611638900, 8293235788
Fri Apr  7 16:31:19 2023, 16.759088, ipio, 1200000, 1200000, 1200000, 1200000, 1200000, 1200000, 1200000, 1200000, 1200000, 1200000, 1200000, 1200000, 1200000, 1200000, 1200000, 1200000, 1200000, 1200000, 1200000, 1200000, 1200000, 1200000, 1200000, 1200000, 8339457654, 8989437802
Fri Apr  7 16:31:51 2023, 17.267422, ipio, 1200000, 1200000, 1200000, 1200000, 1200000, 1200000, 1200000, 1200000, 1200000, 1200000, 1200000, 1200000, 1200000, 1200000, 1200000, 1200000, 1200000, 1200000, 1200000, 1200000, 1200000, 1200000, 1200000, 1200000, 9040953844, 9718909201
Fri Apr  7 16:32:23 2023, 17.787166, ipio, 1200000, 1200000, 1200000, 1200000, 1200000, 1200000, 1200000, 1200000, 1200000, 1200000, 1200000, 1200000, 1200000, 1200000, 1200000, 1200000, 1200000, 1200000, 1200000, 1200000, 1200000, 1200000, 1200000, 1200000, 9764586819, 10443449399
Fri Apr  7 16:32:55 2023, 17.771206, ipio, 1200000, 1200000, 1200000, 1200000, 1200000, 1200000, 1200000, 1200000, 1200000, 1200000, 1200000, 1200000, 1200000, 1200000, 1200000, 1200000, 1200000, 1200000, 1200000, 1200000, 1200000, 1200000, 1200000, 1200000, 10500051305, 11178538582
Fri Apr  7 16:33:27 2023, 17.404564, ipio, 1200000, 1200000, 1200000, 1200000, 1200000, 1200000, 1200000, 1200000, 1200000, 1200000, 1200000, 1200000, 1200000, 1200000, 1200000, 1200000, 1200000, 1200000, 1200000, 1200000, 1200000, 1200000, 1200000, 1200000, 11224739575, 11914718155
Fri Apr  7 16:34:00 2023, 17.757407, ipio, 1200000, 1200000, 1200000, 1200000, 1200000, 1200000, 1200000, 1200000, 1200000, 1200000, 1200000, 1200000, 1200000, 1200000, 1200000, 1200000, 1200000, 1200000, 1200000, 1200000, 1200000, 1200000, 1200000, 1200000, 11967416628, 12649649745
Fri Apr  7 16:34:32 2023, 17.372873, ipio, 1200000, 1200000, 1200000, 1200000, 1200000, 1200000, 1200000, 1200000, 1200000, 1200000, 1200000, 1200000, 1200000, 1200000, 1200000, 1200000, 1200000, 1200000, 1200000, 1200000, 1200000, 1200000, 1200000, 1200000, 12696091460, 13378978261
Fri Apr  7 16:36:21 2023, 17.417143, ipio, 1200000, 1200000, 1200000, 1200000, 1200000, 1200000, 1200000, 1200000, 1200000, 1200000, 1200000, 1200000, 1200000, 1200000, 1200000, 1200000, 1200000, 1200000, 1200000, 1200000, 1200000, 1200000, 1200000, 1200000, 14318123929, 15003161237
Fri Apr  7 16:36:50 2023, 16.076350, ipio, 1200000, 1200000, 1200000, 1200000, 1200000, 1200000, 1200000, 1200000, 1200000, 1200000, 1200000, 1200000, 1200000, 1200000, 1200000, 1200000, 1200000, 1200000, 1200000, 1200000, 1200000, 1200000, 1200000, 1200000, 15048460926, 15706223402
Fri Apr  7 16:37:22 2023, 16.935079, ipio, 1200000, 1200000, 1200000, 1200000, 1200000, 1200000, 1200000, 1200000, 1200000, 1200000, 1200000, 1200000, 1200000, 1200000, 1200000, 1200000, 1200000, 1200000, 1200000, 1200000, 1200000, 1200000, 1200000, 1200000, 15759634093, 16456308152
Fri Apr  7 16:37:54 2023, 16.795848, ipio, 1200000, 1200000, 1200000, 1200000, 1200000, 1200000, 1200000, 1200000, 1200000, 1200000, 1200000, 1200000, 1200000, 1200000, 1200000, 1200000, 1200000, 1200000, 1200000, 1200000, 1200000, 1200000, 1200000, 1200000, 16503263903, 17201999969
Fri Apr  7 16:38:31 2023, 16.763456, ipio, 1200000, 1200000, 1200000, 1200000, 1200000, 1200000, 1200000, 1200000, 1200000, 1200000, 1200000, 1200000, 1200000, 1200000, 1200000, 1200000, 1200000, 1200000, 1200000, 1200000, 1200000, 1200000, 1200000, 1200000, 17335471551, 18020258738
Fri Apr  7 16:39:00 2023, 15.722410, ipio, 1200000, 1200000, 1200000, 1200000, 1200000, 1200000, 1200000, 1200000, 1200000, 1200000, 1200000, 1200000, 1200000, 1200000, 1200000, 1200000, 1200000, 1200000, 1200000, 1200000, 1200000, 1200000, 1200000, 1200000, 18067259777, 18722479108
Fri Apr  7 16:39:30 2023, 15.184472, ipio, 1200000, 1200000, 1200000, 1200000, 1200000, 1200000, 1200000, 1200000, 1200000, 1200000, 1200000, 1200000, 1200000, 1200000, 1200000, 1200000, 1200000, 1200000, 1200000, 1200000, 1200000, 1200000, 1200000, 1200000, 18776656216, 19443711271
Fri Apr  7 16:39:59 2023, 15.246436, ipio, 1200000, 1200000, 1200000, 1200000, 1200000, 1200000, 1200000, 1200000, 1200000, 1200000, 1200000, 1200000, 1200000, 1200000, 1200000, 1200000, 1200000, 1200000, 1200000, 1200000, 1200000, 1200000, 1200000, 1200000, 19490833953, 20148038752
Fri Apr  7 16:40:31 2023, 16.874716, ipio, 1200000, 1200000, 1200000, 1200000, 1200000, 1200000, 1200000, 1200000, 1200000, 1200000, 1200000, 1200000, 1200000, 1200000, 1200000, 1200000, 1200000, 1200000, 1200000, 1200000, 1200000, 1200000, 1200000, 1200000, 20194057556, 20891924177
Fri Apr  7 16:41:03 2023, 17.089304, ipio, 1200000, 1200000, 1200000, 1200000, 1200000, 1200000, 1200000, 1200000, 1200000, 1200000, 1200000, 1200000, 1200000, 1200000, 1200000, 1200000, 1200000, 1200000, 1200000, 1200000, 1200000, 1200000, 1200000, 1200000, 20947363977, 21643301892
Fri Apr  7 17:01:03 2023, 16.883188, ipio, 1200000, 1200000, 1200000, 1200000, 1200000, 1200000, 1200000, 1200000, 1200000, 1200000, 1200000, 1200000, 1200000, 1200000, 1200000, 1200000, 1200000, 1200000, 1200000, 1200000, 1200000, 1200000, 1200000, 1200000, 35016715471, 35717677849
Fri Apr  7 17:01:35 2023, 17.067777, ipio, 1200000, 1200000, 1200000, 1200000, 1200000, 1200000, 1200000, 1200000, 1200000, 1200000, 1200000, 1200000, 1200000, 1200000, 1200000, 1200000, 1200000, 1200000, 1200000, 1200000, 1200000, 1200000, 1200000, 1200000, 35765510429, 36454678770
Fri Apr  7 17:02:07 2023, 16.865964, ipio, 1200000, 1200000, 1200000, 1200000, 1200000, 1200000, 1200000, 1200000, 1200000, 1200000, 1200000, 1200000, 1200000, 1200000, 1200000, 1200000, 1200000, 1200000, 1200000, 1200000, 1200000, 1200000, 1200000, 1200000, 36506145984, 37194823177
Fri Apr  7 17:02:39 2023, 16.961919, ipio, 1200000, 1200000, 1200000, 1200000, 1200000, 1200000, 1200000, 1200000, 1200000, 1200000, 1200000, 1200000, 1200000, 1200000, 1200000, 1200000, 1200000, 1200000, 1200000, 1200000, 1200000, 1200000, 1200000, 1200000, 37241644224, 37941970617
Fri Apr  7 17:03:08 2023, 15.460061, ipio, 1200000, 1200000, 1200000, 1200000, 1200000, 1200000, 1200000, 1200000, 1200000, 1200000, 1200000, 1200000, 1200000, 1200000, 1200000, 1200000, 1200000, 1200000, 1200000, 1200000, 1200000, 1200000, 1200000, 1200000, 37998874280, 38665541457
Fri Apr  7 17:03:38 2023, 15.614829, ipio, 1200000, 1200000, 1200000, 1200000, 1200000, 1200000, 1200000, 1200000, 1200000, 1200000, 1200000, 1200000, 1200000, 1200000, 1200000, 1200000, 1200000, 1200000, 1200000, 1200000, 1200000, 1200000, 1200000, 1200000, 38712827530, 39367652331
Fri Apr  7 17:04:10 2023, 16.221235, ipio, 1200000, 1200000, 1200000, 1200000, 1200000, 1200000, 1200000, 1200000, 1200000, 1200000, 1200000, 1200000, 1200000, 1200000, 1200000, 1200000, 1200000, 1200000, 1200000, 1200000, 1200000, 1200000, 1200000, 1200000, 39415464159, 40126545469
Fri Apr  7 17:04:43 2023, 16.254066, ipio, 1200000, 1200000, 1200000, 1200000, 1200000, 1200000, 1200000, 1200000, 1200000, 1200000, 1200000, 1200000, 1200000, 1200000, 1200000, 1200000, 1200000, 1200000, 1200000, 1200000, 1200000, 1200000, 1200000, 1200000, 40181452982, 40881338824
Fri Apr  7 17:05:12 2023, 16.192914, ipio, 1200000, 1200000, 1200000, 1200000, 1200000, 1200000, 1200000, 1200000, 1200000, 1200000, 1200000, 1200000, 1200000, 1200000, 1200000, 1200000, 1200000, 1200000, 1200000, 1200000, 1200000, 1200000, 1200000, 1200000, 40928171468, 41585763413
Fri Apr  7 17:05:44 2023, 16.701637, ipio, 1200000, 1200000, 1200000, 1200000, 1200000, 1200000, 1200000, 1200000, 1200000, 1200000, 1200000, 1200000, 1200000, 1200000, 1200000, 1200000, 1200000, 1200000, 1200000, 1200000, 1200000, 1200000, 1200000, 1200000, 41640224577, 42339043284
Fri Apr  7 17:10:43 2023, 17.685631, ipio, 1200000, 1200000, 1200000, 1200000, 1200000, 1200000, 1200000, 1200000, 1200000, 1200000, 1200000, 1200000, 1200000, 1200000, 1200000, 1200000, 1200000, 1200000, 1200000, 1200000, 1200000, 1200000, 1200000, 1200000, 45517258292, 46157692932
Fri Apr  7 17:11:15 2023, 16.683876, ipio, 1200000, 1200000, 1200000, 1200000, 1200000, 1200000, 1200000, 1200000, 1200000, 1200000, 1200000, 1200000, 1200000, 1200000, 1200000, 1200000, 1200000, 1200000, 1200000, 1200000, 1200000, 1200000, 1200000, 1200000, 46203952640, 46898169185
Fri Apr  7 17:11:47 2023, 17.525338, ipio, 1200000, 1200000, 1200000, 1200000, 1200000, 1200000, 1200000, 1200000, 1200000, 1200000, 1200000, 1200000, 1200000, 1200000, 1200000, 1200000, 1200000, 1200000, 1200000, 1200000, 1200000, 1200000, 1200000, 1200000, 46951838299, 47628990557
Fri Apr  7 17:12:17 2023, 17.252088, ipio, 1200000, 1200000, 1200000, 1200000, 1200000, 1200000, 1200000, 1200000, 1200000, 1200000, 1200000, 1200000, 1200000, 1200000, 1200000, 1200000, 1200000, 1200000, 1200000, 1200000, 1200000, 1200000, 1200000, 1200000, 47675017722, 48315634124
Fri Apr  7 17:12:47 2023, 17.038606, ipio, 1200000, 1200000, 1200000, 1200000, 1200000, 1200000, 1200000, 1200000, 1200000, 1200000, 1200000, 1200000, 1200000, 1200000, 1200000, 1200000, 1200000, 1200000, 1200000, 1200000, 1200000, 1200000, 1200000, 1200000, 48369021743, 49011128132
Fri Apr  7 17:13:20 2023, 17.520055, ipio, 1200000, 1200000, 1200000, 1200000, 1200000, 1200000, 1200000, 1200000, 1200000, 1200000, 1200000, 1200000, 1200000, 1200000, 1200000, 1200000, 1200000, 1200000, 1200000, 1200000, 1200000, 1200000, 1200000, 1200000, 49055686123, 49746812223
Fri Apr  7 17:13:52 2023, 16.555990, ipio, 1200000, 1200000, 1200000, 1200000, 1200000, 1200000, 1200000, 1200000, 1200000, 1200000, 1200000, 1200000, 1200000, 1200000, 1200000, 1200000, 1200000, 1200000, 1200000, 1200000, 1200000, 1200000, 1200000, 1200000, 49800278516, 50499786613
Fri Apr  7 17:14:24 2023, 17.850261, ipio, 1200000, 1200000, 1200000, 1200000, 1200000, 1200000, 1200000, 1200000, 1200000, 1200000, 1200000, 1200000, 1200000, 1200000, 1200000, 1200000, 1200000, 1200000, 1200000, 1200000, 1200000, 1200000, 1200000, 1200000, 50547846854, 51243848368
Fri Apr  7 17:14:55 2023, 17.090282, ipio, 1200000, 1200000, 1200000, 1200000, 1200000, 1200000, 1200000, 1200000, 1200000, 1200000, 1200000, 1200000, 1200000, 1200000, 1200000, 1200000, 1200000, 1200000, 1200000, 1200000, 1200000, 1200000, 1200000, 1200000, 51296796414, 51928137998
Fri Apr  7 17:15:26 2023, 16.987781, ipio, 1200000, 1200000, 1200000, 1200000, 1200000, 1200000, 1200000, 1200000, 1200000, 1200000, 1200000, 1200000, 1200000, 1200000, 1200000, 1200000, 1200000, 1200000, 1200000, 1200000, 1200000, 1200000, 1200000, 1200000, 51972951299, 52657110680
, ipdefaultio, 1200000, 1200000, 1200000, 1200000, 1200000, 1200000, 1200000, 1200000, 1200000, 1200000, 1200000, 1200000, 1200000, 1200000, 1200000, 1200000, 1200000, 1200000, 1200000, 1200000, 1200000, 1200000, 1200000, 1200000, 73149440605, 73149775687
, ipdefaultio, 1200000, 1200000, 1200000, 1200000, 1200000, 1200000, 1200000, 1200000, 1200000, 1200000, 1200000, 1200000, 1200000, 1200000, 1200000, 1200000, 1200000, 1200000, 1200000, 1200000, 1200000, 1200000, 1200000, 1200000, 73169339968, 73169673647
, ipdefaultio, 1200000, 1200000, 1200000, 1200000, 1200000, 1200000, 1200000, 1200000, 1200000, 1200000, 1200000, 1200000, 1200000, 1200000, 1200000, 1200000, 1200000, 1200000, 1200000, 1200000, 1200000, 1200000, 1200000, 1200000, 73188833204, 73189134046
, ipdefaultio, 1200000, 1200000, 1200000, 1200000, 1200000, 1200000, 1200000, 1200000, 1200000, 1200000, 1200000, 1200000, 1200000, 1200000, 1200000, 1200000, 1200000, 1200000, 1200000, 1200000, 1200000, 1200000, 1200000, 1200000, 73207748378, 73208083704
, ipdefaultio, 1200000, 1200000, 1200000, 1200000, 1200000, 1200000, 1200000, 1200000, 1200000, 1200000, 1200000, 1200000, 1200000, 1200000, 1200000, 1200000, 1200000, 1200000, 1200000, 1200000, 1200000, 1200000, 1200000, 1200000, 73226272867, 73226606301
, ipdefaultio, 1200000, 1200000, 1200000, 1200000, 1200000, 1200000, 1200000, 1200000, 1200000, 1200000, 1200000, 1200000, 1200000, 1200000, 1200000, 1200000, 1200000, 1200000, 1200000, 1200000, 1200000, 1200000, 1200000, 1200000, 73245427786, 73245766591
, ipdefaultio, 1200000, 1200000, 1200000, 1200000, 1200000, 1200000, 1200000, 1200000, 1200000, 1200000, 1200000, 1200000, 1200000, 1200000, 1200000, 1200000, 1200000, 1200000, 1200000, 1200000, 1200000, 1200000, 1200000, 1200000, 73264683413, 73265044679
, ipdefaultio, 1200000, 1200000, 1200000, 1200000, 1200000, 1200000, 1200000, 1200000, 1200000, 1200000, 1200000, 1200000, 1200000, 1200000, 1200000, 1200000, 1200000, 1200000, 1200000, 1200000, 1200000, 1200000, 1200000, 1200000, 73284547437, 73284905529
, ipdefaultio, 1200000, 1200000, 1200000, 1200000, 1200000, 1200000, 1200000, 1200000, 1200000, 1200000, 1200000, 1200000, 1200000, 1200000, 1200000, 1200000, 1200000, 1200000, 1200000, 1200000, 1200000, 1200000, 1200000, 1200000, 73303858118, 73304214440
, ipdefaultio, 1200000, 1200000, 1200000, 1200000, 1200000, 1200000, 1200000, 1200000, 1200000, 1200000, 1200000, 1200000, 1200000, 1200000, 1200000, 1200000, 1200000, 1200000, 1200000, 1200000, 1200000, 1200000, 1200000, 1200000, 73322462501, 73322821570
Fri Apr  7 18:13:08 2023, 17.693389, ipio, 1200000, 1200000, 1200000, 1200000, 1200000, 1200000, 1200000, 1200000, 1200000, 1200000, 1200000, 1200000, 1200000, 1200000, 1200000, 1200000, 1200000, 1200000, 1200000, 1200000, 1200000, 1200000, 1200000, 1200000, 91690824230, 92382689647
, ipdefaultcomm, 1200000, 1200000, 1200000, 1200000, 1200000, 1200000, 1200000, 1200000, 1200000, 1200000, 1200000, 1200000, 1200000, 1200000, 1200000, 1200000, 1200000, 1200000, 1200000, 1200000, 1200000, 1200000, 1200000, 1200000, 93749901234, 93750226002
Fri Apr  7 18:17:17 2023, 17.682438, ipio, 1200000, 1200000, 1200000, 1200000, 1200000, 1200000, 1200000, 1200000, 1200000, 1200000, 1200000, 1200000, 1200000, 1200000, 1200000, 1200000, 1200000, 1200000, 1200000, 1200000, 1200000, 1200000, 1200000, 1200000, 94954981218, 95641203461
Fri Apr  7 18:17:50 2023, 16.860446, ipio, 1200000, 1200000, 1200000, 1200000, 1200000, 1200000, 1200000, 1200000, 1200000, 1200000, 1200000, 1200000, 1200000, 1200000, 1200000, 1200000, 1200000, 1200000, 1200000, 1200000, 1200000, 1200000, 1200000, 1200000, 95692579672, 96401370338
Fri Apr  7 18:18:24 2023, 17.967113, ipio, 1200000, 1200000, 1200000, 1200000, 1200000, 1200000, 1200000, 1200000, 1200000, 1200000, 1200000, 1200000, 1200000, 1200000, 1200000, 1200000, 1200000, 1200000, 1200000, 1200000, 1200000, 1200000, 1200000, 1200000, 96447052228, 97142518770
Fri Apr  7 18:18:57 2023, 17.909785, ipio, 1200000, 1200000, 1200000, 1200000, 1200000, 1200000, 1200000, 1200000, 1200000, 1200000, 1200000, 1200000, 1200000, 1200000, 1200000, 1200000, 1200000, 1200000, 1200000, 1200000, 1200000, 1200000, 1200000, 1200000, 97195479450, 97896317744
Fri Apr  7 18:19:30 2023, 17.762271, ipio, 1200000, 1200000, 1200000, 1200000, 1200000, 1200000, 1200000, 1200000, 1200000, 1200000, 1200000, 1200000, 1200000, 1200000, 1200000, 1200000, 1200000, 1200000, 1200000, 1200000, 1200000, 1200000, 1200000, 1200000, 97945618826, 98648532920
Fri Apr  7 18:20:04 2023, 18.060863, ipio, 1200000, 1200000, 1200000, 1200000, 1200000, 1200000, 1200000, 1200000, 1200000, 1200000, 1200000, 1200000, 1200000, 1200000, 1200000, 1200000, 1200000, 1200000, 1200000, 1200000, 1200000, 1200000, 1200000, 1200000, 98700320812, 99398807794
Fri Apr  7 18:20:37 2023, 18.241452, ipio, 1200000, 1200000, 1200000, 1200000, 1200000, 1200000, 1200000, 1200000, 1200000, 1200000, 1200000, 1200000, 1200000, 1200000, 1200000, 1200000, 1200000, 1200000, 1200000, 1200000, 1200000, 1200000, 1200000, 1200000, 99448147450, 100151981769
Fri Apr  7 18:21:11 2023, 18.050856, ipio, 1200000, 1200000, 1200000, 1200000, 1200000, 1200000, 1200000, 1200000, 1200000, 1200000, 1200000, 1200000, 1200000, 1200000, 1200000, 1200000, 1200000, 1200000, 1200000, 1200000, 1200000, 1200000, 1200000, 1200000, 100205614322, 100910763335
Fri Apr  7 18:21:44 2023, 17.817472, ipio, 1200000, 1200000, 1200000, 1200000, 1200000, 1200000, 1200000, 1200000, 1200000, 1200000, 1200000, 1200000, 1200000, 1200000, 1200000, 1200000, 1200000, 1200000, 1200000, 1200000, 1200000, 1200000, 1200000, 1200000, 100959484829, 101663334833
Fri Apr  7 18:22:17 2023, 17.168132, ipio, 1200000, 1200000, 1200000, 1200000, 1200000, 1200000, 1200000, 1200000, 1200000, 1200000, 1200000, 1200000, 1200000, 1200000, 1200000, 1200000, 1200000, 1200000, 1200000, 1200000, 1200000, 1200000, 1200000, 1200000, 101716432049, 102396394175
Fri Apr  7 19:10:22 2023, 0.400850, ipcomm, 1200000, 1200000, 1200000, 1200000, 1200000, 1200000, 1200000, 1200000, 1200000, 1200000, 1200000, 1200000, 1200000, 1200000, 1200000, 1200000, 1200000, 1200000, 1200000, 1200000, 1200000, 1200000, 1200000, 1200000, 134899242181, 135479236851
, ipdefaultcomm, 1200000, 1200000, 1200000, 1200000, 1200000, 1200000, 1200000, 1200000, 1200000, 1200000, 1200000, 1200000, 1200000, 1200000, 1200000, 1200000, 1200000, 1200000, 1200000, 1200000, 1200000, 1200000, 1200000, 1200000, 37472545976, 37472881180
Sat Apr  8 12:07:48 2023, 0.347023, ipdefaultcomm, 1200000, 1200000, 1200000, 1200000, 1200000, 1200000, 1200000, 1200000, 1200000, 1200000, 1200000, 1200000, 1200000, 1200000, 1200000, 1200000, 1200000, 1200000, 1200000, 1200000, 1200000, 1200000, 1200000, 1200000, 39225431504, 39480641544
Sat Apr  8 12:08:28 2023, 0.346711, ipdefaultcomm, 1200000, 1200000, 1200000, 1200000, 1200000, 1200000, 1200000, 1200000, 1200000, 1200000, 1200000, 1200000, 1200000, 1200000, 1200000, 1200000, 1200000, 1200000, 1200000, 1200000, 1200000, 1200000, 1200000, 1200000, 39691716076, 39963334522
Sat Apr  8 12:10:38 2023, 0.347710, ipdefaultcomm, 1200000, 1200000, 1200000, 1200000, 1200000, 1200000, 1200000, 1200000, 1200000, 1200000, 1200000, 1200000, 1200000, 1200000, 1200000, 1200000, 1200000, 1200000, 1200000, 1200000, 1200000, 1200000, 1200000, 1200000, 41211403165, 41502698623
Sat Apr  8 12:11:12 2023, 0.349327, ipdefaultcomm, 1200000, 1200000, 1200000, 1200000, 1200000, 1200000, 1200000, 1200000, 1200000, 1200000, 1200000, 1200000, 1200000, 1200000, 1200000, 1200000, 1200000, 1200000, 1200000, 1200000, 1200000, 1200000, 1200000, 1200000, 41664741726, 41925737457
Sat Apr  8 12:23:41 2023, 0.348117, ipcomm, 1200000, 1200000, 1200000, 1200000, 1200000, 1200000, 1200000, 1200000, 1200000, 1200000, 1200000, 1200000, 1200000, 1200000, 1200000, 1200000, 1200000, 1200000, 1200000, 1200000, 1200000, 1200000, 1200000, 1200000, 50219555885, 50580792509
Sat Apr  8 12:43:16 2023, 0.349782, ipcomm, 1200000, 1200000, 1200000, 1200000, 1200000, 1200000, 1200000, 1200000, 1200000, 1200000, 1200000, 1200000, 1200000, 1200000, 1200000, 1200000, 1200000, 1200000, 1200000, 1200000, 1200000, 1200000, 1200000, 1200000, 63751288151, 64086740417
Sat Apr  8 12:44:27 2023, 0.344766, ipcomm, 1200000, 1200000, 1200000, 1200000, 1200000, 1200000, 1200000, 1200000, 1200000, 1200000, 1200000, 1200000, 1200000, 1200000, 1200000, 1200000, 1200000, 1200000, 1200000, 1200000, 1200000, 1200000, 1200000, 1200000, 64612231381, 64951437544
Sat Apr  8 12:45:20 2023, 0.349702, ipcomm, 1200000, 1200000, 1200000, 1200000, 1200000, 1200000, 1200000, 1200000, 1200000, 1200000, 1200000, 1200000, 1200000, 1200000, 1200000, 1200000, 1200000, 1200000, 1200000, 1200000, 1200000, 1200000, 1200000, 1200000, 65247511859, 65587837343
Sat Apr  8 12:46:05 2023, 0.346370, ipcomm, 1200000, 1200000, 1200000, 1200000, 1200000, 1200000, 1200000, 1200000, 1200000, 1200000, 1200000, 1200000, 1200000, 1200000, 1200000, 1200000, 1200000, 1200000, 1200000, 1200000, 1200000, 1200000, 1200000, 1200000, 65798612255, 66147159154
Sat Apr  8 12:56:27 2023, 19.161464, ipio, 1200000, 1200000, 1200000, 1200000, 1200000, 1200000, 1200000, 1200000, 1200000, 1200000, 1200000, 1200000, 1200000, 1200000, 1200000, 1200000, 1200000, 1200000, 1200000, 1200000, 1200000, 1200000, 1200000, 1200000, 72957040585, 73660732631
Sat Apr  8 12:57:00 2023, 19.353098, ipio, 1200000, 1200000, 1200000, 1200000, 1200000, 1200000, 1200000, 1200000, 1200000, 1200000, 1200000, 1200000, 1200000, 1200000, 1200000, 1200000, 1200000, 1200000, 1200000, 1200000, 1200000, 1200000, 1200000, 1200000, 73695920407, 74383725409
Sat Apr  8 12:57:32 2023, 19.259891, ipio, 1200000, 1200000, 1200000, 1200000, 1200000, 1200000, 1200000, 1200000, 1200000, 1200000, 1200000, 1200000, 1200000, 1200000, 1200000, 1200000, 1200000, 1200000, 1200000, 1200000, 1200000, 1200000, 1200000, 1200000, 74414585499, 75104955069
Sat Apr  8 12:58:04 2023, 18.820296, ipio, 1200000, 1200000, 1200000, 1200000, 1200000, 1200000, 1200000, 1200000, 1200000, 1200000, 1200000, 1200000, 1200000, 1200000, 1200000, 1200000, 1200000, 1200000, 1200000, 1200000, 1200000, 1200000, 1200000, 1200000, 75142625444, 75839025944
Sat Apr  8 12:58:36 2023, 18.989716, ipio, 1200000, 1200000, 1200000, 1200000, 1200000, 1200000, 1200000, 1200000, 1200000, 1200000, 1200000, 1200000, 1200000, 1200000, 1200000, 1200000, 1200000, 1200000, 1200000, 1200000, 1200000, 1200000, 1200000, 1200000, 75870941756, 76572130390
Sat Apr  8 12:59:08 2023, 19.299677, ipio, 1200000, 1200000, 1200000, 1200000, 1200000, 1200000, 1200000, 1200000, 1200000, 1200000, 1200000, 1200000, 1200000, 1200000, 1200000, 1200000, 1200000, 1200000, 1200000, 1200000, 1200000, 1200000, 1200000, 1200000, 76609324265, 77302400005
Sat Apr  8 12:59:39 2023, 19.139312, ipio, 1200000, 1200000, 1200000, 1200000, 1200000, 1200000, 1200000, 1200000, 1200000, 1200000, 1200000, 1200000, 1200000, 1200000, 1200000, 1200000, 1200000, 1200000, 1200000, 1200000, 1200000, 1200000, 1200000, 1200000, 77333299645, 78001403648
Sat Apr  8 13:00:11 2023, 19.160297, ipio, 1200000, 1200000, 1200000, 1200000, 1200000, 1200000, 1200000, 1200000, 1200000, 1200000, 1200000, 1200000, 1200000, 1200000, 1200000, 1200000, 1200000, 1200000, 1200000, 1200000, 1200000, 1200000, 1200000, 1200000, 78038119252, 78744156812
Sat Apr  8 13:00:43 2023, 19.252975, ipio, 1200000, 1200000, 1200000, 1200000, 1200000, 1200000, 1200000, 1200000, 1200000, 1200000, 1200000, 1200000, 1200000, 1200000, 1200000, 1200000, 1200000, 1200000, 1200000, 1200000, 1200000, 1200000, 1200000, 1200000, 78775423212, 79480858906
Sat Apr  8 13:01:15 2023, 19.179308, ipio, 1200000, 1200000, 1200000, 1200000, 1200000, 1200000, 1200000, 1200000, 1200000, 1200000, 1200000, 1200000, 1200000, 1200000, 1200000, 1200000, 1200000, 1200000, 1200000, 1200000, 1200000, 1200000, 1200000, 1200000, 79519154340, 80231848133
, serial, 2500000, 1200000, 1200000, 1200000, 1200000, 1200000, 1200000, 1200000, 1200000, 1200000, 1200000, 1200000, 1200000, 1200000, 1200000, 1200000, 1200000, 1200000, 1200000, 1200000, 1200000, 1200000, 1200000, 1200000, 83703605969, 83704277415
, serial, 2500000, 1200000, 1200000, 1200000, 1200000, 1200000, 1200000, 1200000, 1200000, 1200000, 1200000, 1200000, 1200000, 1200000, 1200000, 1200000, 1200000, 1200000, 1200000, 1200000, 1200000, 1200000, 1200000, 1200000, 83751011243, 83751567516
, serial, 2500000, 1200000, 1200000, 1200000, 1200000, 1200000, 1200000, 1200000, 1200000, 1200000, 1200000, 1200000, 1200000, 1200000, 1200000, 1200000, 1200000, 1200000, 1200000, 1200000, 1200000, 1200000, 1200000, 1200000, 83798464186, 83798972302
, serial, 2500000, 1200000, 1200000, 1200000, 1200000, 1200000, 1200000, 1200000, 1200000, 1200000, 1200000, 1200000, 1200000, 1200000, 1200000, 1200000, 1200000, 1200000, 1200000, 1200000, 1200000, 1200000, 1200000, 1200000, 83846607983, 83847138378
, serial, 2500000, 1200000, 1200000, 1200000, 1200000, 1200000, 1200000, 1200000, 1200000, 1200000, 1200000, 1200000, 1200000, 1200000, 1200000, 1200000, 1200000, 1200000, 1200000, 1200000, 1200000, 1200000, 1200000, 1200000, 83894690441, 83895177866
, serial, 2500000, 1200000, 1200000, 1200000, 1200000, 1200000, 1200000, 1200000, 1200000, 1200000, 1200000, 1200000, 1200000, 1200000, 1200000, 1200000, 1200000, 1200000, 1200000, 1200000, 1200000, 1200000, 1200000, 1200000, 83942596935, 83943123911
, serial, 2500000, 1200000, 1200000, 1200000, 1200000, 1200000, 1200000, 1200000, 1200000, 1200000, 1200000, 1200000, 1200000, 1200000, 1200000, 1200000, 1200000, 1200000, 1200000, 1200000, 1200000, 1200000, 1200000, 1200000, 83990092663, 83990623179
, serial, 2500000, 1200000, 1200000, 1200000, 1200000, 1200000, 1200000, 1200000, 1200000, 1200000, 1200000, 1200000, 1200000, 1200000, 1200000, 1200000, 1200000, 1200000, 1200000, 1200000, 1200000, 1200000, 1200000, 1200000, 84036340591, 84036858717
, serial, 2500000, 1200000, 1200000, 1200000, 1200000, 1200000, 1200000, 1200000, 1200000, 1200000, 1200000, 1200000, 1200000, 1200000, 1200000, 1200000, 1200000, 1200000, 1200000, 1200000, 1200000, 1200000, 1200000, 1200000, 84083219988, 84083720230
, serial, 2500000, 1200000, 1200000, 1200000, 1200000, 1200000, 1200000, 1200000, 1200000, 1200000, 1200000, 1200000, 1200000, 1200000, 1200000, 1200000, 1200000, 1200000, 1200000, 1200000, 1200000, 1200000, 1200000, 1200000, 84130042866, 84130523822
Sat Apr  8 13:07:31 2023, 20.746178, serial, 2500000, 1200000, 1200000, 1200000, 1200000, 1200000, 1200000, 1200000, 1200000, 1200000, 1200000, 1200000, 1200000, 1200000, 1200000, 1200000, 1200000, 1200000, 1200000, 1200000, 1200000, 1200000, 1200000, 1200000, 84572635849, 84982492954
Sat Apr  8 13:07:54 2023, 20.791613, serial, 2500000, 1200000, 1200000, 1200000, 1200000, 1200000, 1200000, 1200000, 1200000, 1200000, 1200000, 1200000, 1200000, 1200000, 1200000, 1200000, 1200000, 1200000, 1200000, 1200000, 1200000, 1200000, 1200000, 1200000, 85033329494, 85445412118
Sat Apr  8 13:08:17 2023, 20.742076, serial, 2500000, 1200000, 1200000, 1200000, 1200000, 1200000, 1200000, 1200000, 1200000, 1200000, 1200000, 1200000, 1200000, 1200000, 1200000, 1200000, 1200000, 1200000, 1200000, 1200000, 1200000, 1200000, 1200000, 1200000, 85491140944, 85902436156
Sat Apr  8 13:08:40 2023, 20.748165, serial, 2500000, 1200000, 1200000, 1200000, 1200000, 1200000, 1200000, 1200000, 1200000, 1200000, 1200000, 1200000, 1200000, 1200000, 1200000, 1200000, 1200000, 1200000, 1200000, 1200000, 1200000, 1200000, 1200000, 1200000, 85949680725, 86361136458
Sat Apr  8 13:09:04 2023, 20.733193, serial, 2500000, 1200000, 1200000, 1200000, 1200000, 1200000, 1200000, 1200000, 1200000, 1200000, 1200000, 1200000, 1200000, 1200000, 1200000, 1200000, 1200000, 1200000, 1200000, 1200000, 1200000, 1200000, 1200000, 1200000, 86417216942, 86828646370
Sat Apr  8 13:09:27 2023, 20.739475, serial, 2500000, 1200000, 1200000, 1200000, 1200000, 1200000, 1200000, 1200000, 1200000, 1200000, 1200000, 1200000, 1200000, 1200000, 1200000, 1200000, 1200000, 1200000, 1200000, 1200000, 1200000, 1200000, 1200000, 1200000, 86876162362, 87287537529
Sat Apr  8 13:09:50 2023, 20.742247, serial, 2500000, 1200000, 1200000, 1200000, 1200000, 1200000, 1200000, 1200000, 1200000, 1200000, 1200000, 1200000, 1200000, 1200000, 1200000, 1200000, 1200000, 1200000, 1200000, 1200000, 1200000, 1200000, 1200000, 1200000, 87336235036, 87747679296
Sat Apr  8 13:10:13 2023, 20.741700, serial, 2500000, 1200000, 1200000, 1200000, 1200000, 1200000, 1200000, 1200000, 1200000, 1200000, 1200000, 1200000, 1200000, 1200000, 1200000, 1200000, 1200000, 1200000, 1200000, 1200000, 1200000, 1200000, 1200000, 1200000, 87803378799, 88215255064
Sat Apr  8 13:10:36 2023, 20.738926, serial, 2500000, 1200000, 1200000, 1200000, 1200000, 1200000, 1200000, 1200000, 1200000, 1200000, 1200000, 1200000, 1200000, 1200000, 1200000, 1200000, 1200000, 1200000, 1200000, 1200000, 1200000, 1200000, 1200000, 1200000, 88264273493, 88675770731
Sat Apr  8 13:10:59 2023, 20.729408, serial, 2500000, 1200000, 1200000, 1200000, 1200000, 1200000, 1200000, 1200000, 1200000, 1200000, 1200000, 1200000, 1200000, 1200000, 1200000, 1200000, 1200000, 1200000, 1200000, 1200000, 1200000, 1200000, 1200000, 1200000, 88724587805, 89135431480
, ipdefaultparallel, 1200000, 1200000, 1200000, 1200000, 1200000, 1200000, 1200000, 1200000, 1200000, 1200000, 1200000, 1200000, 1200000, 1200000, 1200000, 1200000, 1200000, 1200000, 1200000, 1200000, 1200000, 1200000, 1200000, 1200000, 90027301572, 90027658200
, ipdefaultparallel, 1200000, 1200000, 1200000, 1200000, 1200000, 1200000, 1200000, 1200000, 1200000, 1200000, 1200000, 1200000, 1200000, 1200000, 1200000, 1200000, 1200000, 1200000, 1200000, 1200000, 1200000, 1200000, 1200000, 1200000, 90046653574, 90047008553
, ipdefaultparallel, 1200000, 1200000, 1200000, 1200000, 1200000, 1200000, 1200000, 1200000, 1200000, 1200000, 1200000, 1200000, 1200000, 1200000, 1200000, 1200000, 1200000, 1200000, 1200000, 1200000, 1200000, 1200000, 1200000, 1200000, 90066333699, 90066708210
, ipdefaultparallel, 1200000, 1200000, 1200000, 1200000, 1200000, 1200000, 1200000, 1200000, 1200000, 1200000, 1200000, 1200000, 1200000, 1200000, 1200000, 1200000, 1200000, 1200000, 1200000, 1200000, 1200000, 1200000, 1200000, 1200000, 90085494050, 90085864228
, ipdefaultparallel, 1200000, 1200000, 1200000, 1200000, 1200000, 1200000, 1200000, 1200000, 1200000, 1200000, 1200000, 1200000, 1200000Sat Apr  8 13:13:15 2023, 20.866129, ipdefaultparallel, 1200000, 1200000, 1200000, 1200000, 1200000, 1200000, 1200000, 1200000, 1200000, 1200000, 1200000, 1200000, 1200000, 1200000, 1200000, 1200000, 1200000, 1200000, 1200000, 1200000, 1200000, 1200000, 1200000, 1200000, 90546910350, 91283441301
Sat Apr  8 13:13:37 2023, 20.863678, ipdefaultparallel, 1200000, 1200000, 1200000, 1200000, 1200000, 1200000, 1200000, 1200000, 1200000, 1200000, 1200000, 1200000, 1200000, 1200000, 1200000, 1200000, 1200000, 1200000, 1200000, 1200000, 1200000, 1200000, 1200000, 1200000, 91314481871, 92058289293
Sat Apr  8 13:13:59 2023, 20.914714, ipdefaultparallel, 1200000, 1200000, 1200000, 1200000, 1200000, 1200000, 1200000, 1200000, 1200000, 1200000, 1200000, 1200000, 1200000, 1200000, 1200000, 1200000, 1200000, 1200000, 1200000, 1200000, 1200000, 1200000, 1200000, 1200000, 92081471485, 92496576196
Sat Apr  8 13:14:21 2023, 20.901790, ipdefaultparallel, 1200000, 1200000, 1200000, 1200000, 1200000, 1200000, 1200000, 1200000, 1200000, 1200000, 1200000, 1200000, 1200000, 1200000, 1200000, 1200000, 1200000, 1200000, 1200000, 1200000, 1200000, 1200000, 1200000, 1200000, 92516252598, 92930582897
Sat Apr  8 13:14:43 2023, 20.847233, ipdefaultparallel, 1200000, 1200000, 1200000, 1200000, 1200000, 1200000, 1200000, 1200000, 1200000, 1200000, 1200000, 1200000, 1200000, 1200000, 1200000, 1200000, 1200000, 1200000, 1200000, 1200000, 1200000, 1200000, 1200000, 1200000, 92955860054, 93690002706
Sat Apr  8 13:15:05 2023, 20.833233, ipdefaultparallel, 1200000, 1200000, 1200000, 1200000, 1200000, 1200000, 1200000, 1200000, 1200000, 1200000, 1200000, 1200000, 1200000, 1200000, 1200000, 1200000, 1200000, 1200000, 1200000, 1200000, 1200000, 1200000, 1200000, 1200000, 93710286163, 94452915243
Sat Apr  8 13:15:26 2023, 20.802039, ipdefaultparallel, 1200000, 1200000, 1200000, 1200000, 1200000, 1200000, 1200000, 1200000, 1200000, 1200000, 1200000, 1200000, 1200000, 1200000, 1200000, 1200000, 1200000, 1200000, 1200000, 1200000, 1200000, 1200000, 1200000, 1200000, 94474816310, 95220702096
Sat Apr  8 13:15:48 2023, 20.786545, ipdefaultparallel, 1200000, 1200000, 1200000, 1200000, 1200000, 1200000, 1200000, 1200000, 1200000, 1200000, 1200000, 1200000, 1200000, 1200000, 1200000, 1200000, 1200000, 1200000, 1200000, 1200000, 1200000, 1200000, 1200000, 1200000, 95249619685, 95996400488
Sat Apr  8 13:16:10 2023, 21.110210, ipdefaultparallel, 1200000, 1200000, 1200000, 1200000, 1200000, 1200000, 1200000, 1200000, 1200000, 1200000, 1200000, 1200000, 1200000, 1200000, 1200000, 1200000, 1200000, 1200000, 1200000, 1200000, 1200000, 1200000, 1200000, 1200000, 96017885907, 96491425100
Sat Apr  8 13:16:32 2023, 20.837155, ipdefaultparallel, 1200000, 1200000, 1200000, 1200000, 1200000, 1200000, 1200000, 1200000, 1200000, 1200000, 1200000, 1200000, 1200000, 1200000, 1200000, 1200000, 1200000, 1200000, 1200000, 1200000, 1200000, 1200000, 1200000, 1200000, 96512647214, 97259234841
Sat Apr  8 13:28:24 2023, 16.747028, ipdefaultio, 1200000, 1200000, 1200000, 1200000, 1200000, 1200000, 1200000, 1200000, 1200000, 1200000, 1200000, 1200000, 1200000, 1200000, 1200000, 1200000, 1200000, 1200000, 1200000, 1200000, 1200000, 1200000, 1200000, 1200000, 104996831854, 105696878341
Sat Apr  8 13:28:54 2023, 16.855720, ipdefaultio, 1200000, 1200000, 1200000, 1200000, 1200000, 1200000, 1200000, 1200000, 1200000, 1200000, 1200000, 1200000, 1200000, 1200000, 1200000, 1200000, 1200000, 1200000, 1200000, 1200000, 1200000, 1200000, 1200000, 1200000, 105716742059, 106406402769
Sat Apr  8 13:29:25 2023, 16.775115, ipdefaultio, 1200000, 1200000, 1200000, 1200000, 1200000, 1200000, 1200000, 1200000, 1200000, 1200000, 1200000, 1200000, 1200000, 1200000, 1200000, 1200000, 1200000, 1200000, 1200000, 1200000, 1200000, 1200000, 1200000, 1200000, 106433923329, 107121167907
Sat Apr  8 13:29:56 2023, 16.464815, ipdefaultio, 1200000, 1200000, 1200000, 1200000, 1200000, 1200000, 1200000, 1200000, 1200000, 1200000, 1200000, 1200000, 1200000, 1200000, 1200000, 1200000, 1200000, 1200000, 1200000, 1200000, 1200000, 1200000, 1200000, 1200000, 107141511056, 107842875593
Sat Apr  8 13:30:27 2023, 16.679062, ipdefaultio, 1200000, 1200000, 1200000, 1200000, 1200000, 1200000, 1200000, 1200000, 1200000, 1200000, 1200000, 1200000, 1200000, 1200000, 1200000, 1200000, 1200000, 1200000, 1200000, 1200000, 1200000, 1200000, 1200000, 1200000, 107872195892, 108577192988
Sat Apr  8 13:30:57 2023, 16.544163, ipdefaultio, 1200000, 1200000, 1200000, 1200000, 1200000, 1200000, 1200000, 1200000, 1200000, 1200000, 1200000, 1200000, 1200000, 1200000, 1200000, 1200000, 1200000, 1200000, 1200000, 1200000, 1200000, 1200000, 1200000, 1200000, 108600986018, 109300001502
Sat Apr  8 13:31:28 2023, 16.195811, ipdefaultio, 1200000, 1200000, 1200000, 1200000, 1200000, 1200000, 1200000, 1200000, 1200000, 1200000, 1200000, 1200000, 1200000, 1200000, 1200000, 1200000, 1200000, 1200000, 1200000, 1200000, 1200000, 1200000, 1200000, 1200000, 109326202301, 110031754084
Sat Apr  8 13:31:59 2023, 16.588538, ipdefaultio, 1200000, 1200000, 1200000, 1200000, 1200000, 1200000, 1200000, 1200000, 1200000, 1200000, 1200000, 1200000, 1200000, 1200000, 1200000, 1200000, 1200000, 1200000, 1200000, 1200000, 1200000, 1200000, 1200000, 1200000, 110053375611, 110763532057
Sat Apr  8 13:32:30 2023, 16.789247, ipdefaultio, 1200000, 1200000, 1200000, 1200000, 1200000, 1200000, 1200000, 1200000, 1200000, 1200000, 1200000, 1200000, 1200000, 1200000, 1200000, 1200000, 1200000, 1200000, 1200000, 1200000, 1200000, 1200000, 1200000, 1200000, 110790688359, 111493232459
Sat Apr  8 13:32:58 2023, 15.875187, ipdefaultio, 1200000, 1200000, 1200000, 1200000, 1200000, 1200000, 1200000, 1200000, 1200000, 1200000, 1200000, 1200000, 1200000, 1200000, 1200000, 1200000, 1200000, 1200000, 1200000, 1200000, 1200000, 1200000, 1200000, 1200000, 111512845080, 112178613029
Sat Apr  8 13:36:51 2023, 17.487388, ipio, 1200000, 1200000, 1200000, 1200000, 1200000, 1200000, 1200000, 1200000, 1200000, 1200000, 1200000, 1200000, 1200000, 1200000, 1200000, 1200000, 1200000, 1200000, 1200000, 1200000, 1200000, 1200000, 1200000, 1200000, 114518893232, 115188907386
Sat Apr  8 13:37:23 2023, 18.074508, ipio, 1200000, 1200000, 1200000, 1200000, 1200000, 1200000, 1200000, 1200000, 1200000, 1200000, 1200000, 1200000, 1200000, 1200000, 1200000, 1200000, 1200000, 1200000, 1200000, 1200000, 1200000, 1200000, 1200000, 1200000, 115236652991, 115909479638
Sat Apr  8 13:37:53 2023, 17.857051, ipio, 1200000, 1200000, 1200000, 1200000, 1200000, 1200000, 1200000, 1200000, 1200000, 1200000, 1200000, 1200000, 1200000, 1200000, 1200000, 1200000, 1200000, 1200000, 1200000, 1200000, 1200000, 1200000, 1200000, 1200000, 115962126781, 116597109408
Sat Apr  8 13:38:26 2023, 17.905188, ipio, 1200000, 1200000, 1200000, 1200000, 1200000, 1200000, 1200000, 1200000, 1200000, 1200000, 1200000, 1200000, 1200000, 1200000, 1200000, 1200000, 1200000, 1200000, 1200000, 1200000, 1200000, 1200000, 1200000, 1200000, 116643185035, 117325470642
Sat Apr  8 13:38:56 2023, 17.624297, ipio, 1200000, 1200000, 1200000, 1200000, 1200000, 1200000, 1200000, 1200000, 1200000, 1200000, 1200000, 1200000, 1200000, 1200000, 1200000, 1200000, 1200000, 1200000, 1200000, 1200000, 1200000, 1200000, 1200000, 1200000, 117378976852, 118031180505
Sat Apr  8 13:39:29 2023, 18.055706, ipio, 1200000, 1200000, 1200000, 1200000, 1200000, 1200000, 1200000, 1200000, 1200000, 1200000, 1200000, 1200000, 1200000, 1200000, 1200000, 1200000, 1200000, 1200000, 1200000, 1200000, 1200000, 1200000, 1200000, 1200000, 118077854153, 118761955001
Sat Apr  8 13:40:01 2023, 16.629080, ipio, 1200000, 1200000, 1200000, 1200000, 1200000, 1200000, 1200000, 1200000, 1200000, 1200000, 1200000, 1200000, 1200000, 1200000, 1200000, 1200000, 1200000, 1200000, 1200000, 1200000, 1200000, 1200000, 1200000, 1200000, 118818406456, 119521434014
Sat Apr  8 13:40:33 2023, 16.689006, ipio, 1200000, 1200000, 1200000, 1200000, 1200000, 1200000, 1200000, 1200000, 1200000, 1200000, 1200000, 1200000, 1200000, 1200000, 1200000, 1200000, 1200000, 1200000, 1200000, 1200000, 1200000, 1200000, 1200000, 1200000, 119569594413, 120285536001
Sat Apr  8 13:41:06 2023, 16.801720, ipio, 1200000, 1200000, 1200000, 1200000, 1200000, 1200000, 1200000, 1200000, 1200000, 1200000, 1200000, 1200000, 1200000, 1200000, 1200000, 1200000, 1200000, 1200000, 1200000, 1200000, 1200000, 1200000, 1200000, 1200000, 120341573638, 121047949698
Sat Apr  8 13:41:38 2023, 19.050468, ipio, 1200000, 1200000, 1200000, 1200000, 1200000, 1200000, 1200000, 1200000, 1200000, 1200000, 1200000, 1200000, 1200000, 1200000, 1200000, 1200000, 1200000, 1200000, 1200000, 1200000, 1200000, 1200000, 1200000, 1200000, 121095793509, 121780366342
Sat Apr  8 15:14:27 2023, 12.853959, ipcomm, 2500000, 1200000, 1200000, 1200000, 1200000, 1200000, 1200000, 1200000, 1200000, 1200000, 1200000, 1200000, 1200000, 1200000, 1200000, 1200000, 1200000, 1200000, 1200000, 1200000, 1200000, 1200000, 1200000, 1200000, 184417991023, 185008627695
Sat Apr  8 16:01:22 2023, 12.824341, ipcomm, 2500000, 1200000, 1200000, 1200000, 1200000, 1200000, 1200000, 1200000, 1200000, 1200000, 1200000, 1200000, 1200000, 1200000, 1200000, 1200000, 1200000, 1200000, 1200000, 1200000, 1200000, 1200000, 1200000, 1200000, 216757310944, 217309254355
Sat Apr  8 16:01:59 2023, 12.871968, ipcomm, 2500000, 1200000, 1200000, 1200000, 1200000, 1200000, 1200000, 1200000, 1200000, 1200000, 1200000, 1200000, 1200000, 1200000, 1200000, 1200000, 1200000, 1200000, 1200000, 1200000, 1200000, 1200000, 1200000, 1200000, 217406997330, 217975113735
Sat Apr  8 16:02:49 2023, 12.855964, ipcomm, 2500000, 1200000, 1200000, 1200000, 1200000, 1200000, 1200000, 1200000, 1200000, 1200000, 1200000, 1200000, 1200000, 1200000, 1200000, 1200000, 1200000, 1200000, 1200000, 1200000, 1200000, 1200000, 1200000, 1200000, 218246516910, 218793502570
Sat Apr  8 16:03:30 2023, 12.850315, ipcomm, 2500000, 1200000, 1200000, 1200000, 1200000, 1200000, 1200000, 1200000, 1200000, 1200000, 1200000, 1200000, 1200000, 1200000, 1200000, 1200000, 1200000, 1200000, 1200000, 1200000, 1200000, 1200000, 1200000, 1200000, 218965387567, 219538079155
Sat Apr  8 16:04:20 2023, 12.933139, ipcomm, 2500000, 1200000, 1200000, 1200000, 1200000, 1200000, 1200000, 1200000, 1200000, 1200000, 1200000, 1200000, 1200000, 1200000, 1200000, 1200000, 1200000, 1200000, 1200000, 1200000, 1200000, 1200000, 1200000, 1200000, 219796858949, 220374098621
Sat Apr  8 16:06:50 2023, 12.794809, ipcomm, 2500000, 1200000, 1200000, 1200000, 1200000, 1200000, 1200000, 1200000, 1200000, 1200000, 1200000, 1200000, 1200000, 1200000, 1200000, 1200000, 1200000, 1200000, 1200000, 1200000, 1200000, 1200000, 1200000, 1200000, 221800384948, 222340410299
Sat Apr  8 16:07:28 2023, 0.373161, ipdefaultcomm, 1200000, 1200000, 1200000, 1200000, 1200000, 1200000, 1200000, 1200000, 1200000, 1200000, 1200000, 1200000, 1200000, 1200000, 1200000, 1200000, 1200000, 1200000, 1200000, 1200000, 1200000, 1200000, 1200000, 1200000, 222465862431, 222812163303
Sat Apr  8 16:08:59 2023, 0.375927, ipdefaultcomm, 1200000, 1200000, 1200000, 1200000, 1200000, 1200000, 1200000, 1200000, 1200000, 1200000, 1200000, 1200000, 1200000, 1200000, 1200000, 1200000, 1200000, 1200000, 1200000, 1200000, 1200000, 1200000, 1200000, 1200000, 223572025066, 223916956678
Sat Apr  8 16:09:39 2023, 0.376921, ipdefaultcomm, 1200000, 1200000, 1200000, 1200000, 1200000, 1200000, 1200000, 1200000, 1200000, 1200000, 1200000, 1200000, 1200000, 1200000, 1200000, 1200000, 1200000, 1200000, 1200000, 1200000, 1200000, 1200000, 1200000, 1200000, 224066499447, 224411471769
Sat Apr  8 16:11:26 2023, 0.380428, ipdefaultcomm, 1200000, 1200000, 1200000, 1200000, 1200000, 1200000, 1200000, 1200000, 1200000, 1200000, 1200000, 1200000, 1200000, 1200000, 1200000, 1200000, 1200000, 1200000, 1200000, 1200000, 1200000, 1200000, 1200000, 1200000, 225323848767, 225670309611
Sat Apr  8 16:12:03 2023, 0.375924, ipdefaultcomm, 1200000, 1200000, 1200000, 1200000, 1200000, 1200000, 1200000, 1200000, 1200000, 1200000, 1200000, 1200000, 1200000, 1200000, 1200000, 1200000, 1200000, 1200000, 1200000, 1200000, 1200000, 1200000, 1200000, 1200000, 225783430904, 226129073879
Sat Apr  8 18:49:36 2023, 0.295378, ipcomm, 2500000, 1200000, 1200000, 1200000, 1200000, 1200000, 1200000, 1200000, 1200000, 1200000, 1200000, 1200000, 1200000, 1200000, 1200000, 1200000, 1200000, 1200000, 1200000, 1200000, 1200000, 1200000, 1200000, 1200000, 71928133185, 72307395459
Sat Apr  8 18:50:46 2023, 0.311488, ipcomm, 2500000, 1200000, 1200000, 1200000, 1200000, 1200000, 1200000, 1200000, 1200000, 1200000, 1200000, 1200000, 1200000, 1200000, 1200000, 1200000, 1200000, 1200000, 1200000, 1200000, 1200000, 1200000, 1200000, 1200000, 72803639122, 73177983013
Sat Apr  8 18:51:20 2023, 0.313245, ipcomm, 2500000, 1200000, 1200000, 1200000, 1200000, 1200000, 1200000, 1200000, 1200000, 1200000, 1200000, 1200000, 1200000, 1200000, 1200000, 1200000, 1200000, 1200000, 1200000, 1200000, 1200000, 1200000, 1200000, 1200000, 73262746284, 73614163903
Sat Apr  8 18:51:59 2023, 0.377240, ipdefaultcomm, 1200000, 1200000, 1200000, 1200000, 1200000, 1200000, 1200000, 1200000, 1200000, 1200000, 1200000, 1200000, 1200000, 1200000, 1200000, 1200000, 1200000, 1200000, 1200000, 1200000, 1200000, 1200000, 1200000, 1200000, 73759510760, 74098681644
Sat Apr  8 18:52:34 2023, 0.377573, ipdefaultcomm, 1200000, 1200000, 1200000, 1200000, 1200000, 1200000, 1200000, 1200000, 1200000, 1200000, 1200000, 1200000, 1200000, 1200000, 1200000, 1200000, 1200000, 1200000, 1200000, 1200000, 1200000, 1200000, 1200000, 1200000, 74187488241, 74530241086
Sat Apr  8 18:53:07 2023, 0.378438, ipdefaultcomm, 1200000, 1200000, 1200000, 1200000, 1200000, 1200000, 1200000, 1200000, 1200000, 1200000, 1200000, 1200000, 1200000, 1200000, 1200000, 1200000, 1200000, 1200000, 1200000, 1200000, 1200000, 1200000, 1200000, 1200000, 74601033202, 74971613003
Sat Apr  8 18:59:30 2023, 16.891621, ipio, 1200000, 1200000, 1200000, 1200000, 1200000, 1200000, 1200000, 1200000, 1200000, 1200000, 1200000, 1200000, 1200000, 1200000, 1200000, 1200000, 1200000, 1200000, 1200000, 1200000, 1200000, 1200000, 1200000, 1200000, 78998195530, 79702161623
Sat Apr  8 19:00:00 2023, 15.393665, ipio, 1200000, 1200000, 1200000, 1200000, 1200000, 1200000, 1200000, 1200000, 1200000, 1200000, 1200000, 1200000, 1200000, 1200000, 1200000, 1200000, 1200000, 1200000, 1200000, 1200000, 1200000, 1200000, 1200000, 1200000, 79749375247, 80408857507
Sat Apr  8 19:00:29 2023, 15.769173, ipio, 1200000, 1200000, 1200000, 1200000, 1200000, 1200000, 1200000, 1200000, 1200000, 1200000, 1200000, 1200000, 1200000, 1200000, 1200000, 1200000, 1200000, 1200000, 1200000, 1200000, 1200000, 1200000, 1200000, 1200000, 80466062988, 81125063193
Sat Apr  8 19:01:01 2023, 17.037688, ipio, 1200000, 1200000, 1200000, 1200000, 1200000, 1200000, 1200000, 1200000, 1200000, 1200000, 1200000, 1200000, 1200000, 1200000, 1200000, 1200000, 1200000, 1200000, 1200000, 1200000, 1200000, 1200000, 1200000, 1200000, 81172944784, 81865899797
Sat Apr  8 19:01:38 2023, 17.021118, ipio, 1200000, 1200000, 1200000, 1200000, 1200000, 1200000, 1200000, 1200000, 1200000, 1200000, 1200000, 1200000, 1200000, 1200000, 1200000, 1200000, 1200000, 1200000, 1200000, 1200000, 1200000, 1200000, 1200000, 1200000, 81978212864, 82662599906
Sat Apr  8 19:02:07 2023, 15.463672, ipio, 1200000, 1200000, 1200000, 1200000, 1200000, 1200000, 1200000, 1200000, 1200000, 1200000, 1200000, 1200000, 1200000, 1200000, 1200000, 1200000, 1200000, 1200000, 1200000, 1200000, 1200000, 1200000, 1200000, 1200000, 82710555106, 83387710355
Sat Apr  8 19:02:40 2023, 17.006226, ipio, 1200000, 1200000, 1200000, 1200000, 1200000, 1200000, 1200000, 1200000, 1200000, 1200000, 1200000, 1200000, 1200000, 1200000, 1200000, 1200000, 1200000, 1200000, 1200000, 1200000, 1200000, 1200000, 1200000, 1200000, 83442158824, 84142993028
Sat Apr  8 19:03:09 2023, 15.776050, ipio, 1200000, 1200000, 1200000, 1200000, 1200000, 1200000, 1200000, 1200000, 1200000, 1200000, 1200000, 1200000, 1200000, 1200000, 1200000, 1200000, 1200000, 1200000, 1200000, 1200000, 1200000, 1200000, 1200000, 1200000, 84191049301, 84857191334
Sat Apr  8 19:03:41 2023, 17.456978, ipio, 1200000, 1200000, 1200000, 1200000, 1200000, 1200000, 1200000, 1200000, 1200000, 1200000, 1200000, 1200000, 1200000, 1200000, 1200000, 1200000, 1200000, 1200000, 1200000, 1200000, 1200000, 1200000, 1200000, 1200000, 84911625338, 85613238471
Sat Apr  8 19:04:13 2023, 17.115354, ipio, 1200000, 1200000, 1200000, 1200000, 1200000, 1200000, 1200000, 1200000, 1200000, 1200000, 1200000, 1200000, 1200000, 1200000, 1200000, 1200000, 1200000, 1200000, 1200000, 1200000, 1200000, 1200000, 1200000, 1200000, 85660973212, 86360611924
Sat Apr  8 19:09:23 2023, 16.082554, ipio, 1200000, 1200000, 1200000, 1200000, 1200000, 1200000, 1200000, 1200000, 1200000, 1200000, 1200000, 1200000, 1200000, 1200000, 1200000, 1200000, 1200000, 1200000, 1200000, 1200000, 1200000, 1200000, 1200000, 1200000, 89667840029, 90316949940
Sat Apr  8 19:09:55 2023, 16.812369, ipio, 1200000, 1200000, 1200000, 1200000, 1200000, 1200000, 1200000, 1200000, 1200000, 1200000, 1200000, 1200000, 1200000, 1200000, 1200000, 1200000, 1200000, 1200000, 1200000, 1200000, 1200000, 1200000, 1200000, 1200000, 90363653800, 91066984397
Sat Apr  8 19:10:27 2023, 16.837650, ipio, 1200000, 1200000, 1200000, 1200000, 1200000, 1200000, 1200000, 1200000, 1200000, 1200000, 1200000, 1200000, 1200000, 1200000, 1200000, 1200000, 1200000, 1200000, 1200000, 1200000, 1200000, 1200000, 1200000, 1200000, 91122028323, 91820325669
Sat Apr  8 19:11:00 2023, 16.668581, ipio, 1200000, 1200000, 1200000, 1200000, 1200000, 1200000, 1200000, 1200000, 1200000, 1200000, 1200000, 1200000, 1200000, 1200000, 1200000, 1200000, 1200000, 1200000, 1200000, 1200000, 1200000, 1200000, 1200000, 1200000, 91869798382, 92568967490
Sat Apr  8 19:11:30 2023, 15.814552, ipio, 1200000, 1200000, 1200000, 1200000, 1200000, 1200000, 1200000, 1200000, 1200000, 1200000, 1200000, 1200000, 1200000, 1200000, 1200000, 1200000, 1200000, 1200000, 1200000, 1200000, 1200000, 1200000, 1200000, 1200000, 92623467351, 93293551573
Sat Apr  8 19:12:02 2023, 16.684400, ipio, 1200000, 1200000, 1200000, 1200000, 1200000, 1200000, 1200000, 1200000, 1200000, 1200000, 1200000, 1200000, 1200000, 1200000, 1200000, 1200000, 1200000, 1200000, 1200000, 1200000, 1200000, 1200000, 1200000, 1200000, 93340601989, 94044841703
Sat Apr  8 19:12:33 2023, 15.913678, ipio, 1200000, 1200000, 1200000, 1200000, 1200000, 1200000, 1200000, 1200000, 1200000, 1200000, 1200000, 1200000, 1200000, 1200000, 1200000, 1200000, 1200000, 1200000, 1200000, 1200000, 1200000, 1200000, 1200000, 1200000, 94103643432, 94795042419
Sat Apr  8 19:13:05 2023, 16.897285, ipio, 1200000, 1200000, 1200000, 1200000, 1200000, 1200000, 1200000, 1200000, 1200000, 1200000, 1200000, 1200000, 1200000, 1200000, 1200000, 1200000, 1200000, 1200000, 1200000, 1200000, 1200000, 1200000, 1200000, 1200000, 94844138362, 95552312026
Sat Apr  8 19:13:36 2023, 16.025357, ipio, 1200000, 1200000, 1200000, 1200000, 1200000, 1200000, 1200000, 1200000, 1200000, 1200000, 1200000, 1200000, 1200000, 1200000, 1200000, 1200000, 1200000, 1200000, 1200000, 1200000, 1200000, 1200000, 1200000, 1200000, 95609498586, 96294264289
Sat Apr  8 19:14:05 2023, 15.473988, ipio, 1200000, 1200000, 1200000, 1200000, 1200000, 1200000, 1200000, 1200000, 1200000, 1200000, 1200000, 1200000, 1200000, 1200000, 1200000, 1200000, 1200000, 1200000, 1200000, 1200000, 1200000, 1200000, 1200000, 1200000, 96341193673, 97009941107
Sun Apr  9 12:33:07 2023, 0.921780, ipcomm, 2500000, 1200000, 1200000, 1200000, 1200000, 1200000, 1200000, 1200000, 1200000, 1200000, 1200000, 1200000, 1200000, 1200000, 1200000, 1200000, 1200000, 1200000, 1200000, 1200000, 1200000, 1200000, 1200000, 1200000, 18628897439, 19386168205
Sun Apr  9 12:39:00 2023, 2.217877, ipcomm, 2500000, 1200000, 1200000, 1200000, 1200000, 1200000, 1200000, 1200000, 1200000, 1200000, 1200000, 1200000, 1200000, 1200000, 1200000, 1200000, 1200000, 1200000, 1200000, 1200000, 1200000, 1200000, 1200000, 1200000, 21645333503, 23599778390
Sun Apr  9 12:42:07 2023, 2.157172, ipcomm, 2500000, 1200000, 1200000, 1200000, 1200000, 1200000, 1200000, 1200000, 1200000, 1200000, 1200000, 1200000, 1200000, 1200000, 1200000, 1200000, 1200000, 1200000, 1200000, 1200000, 1200000, 1200000, 1200000, 1200000, 24007495608, 25906733849
Sun Apr  9 12:44:41 2023, 2.591664, ipdefaultcomm, 1200000, 1200000, 1200000, 1200000, 1200000, 1200000, 1200000, 1200000, 1200000, 1200000, 1200000, 1200000, 1200000, 1200000, 1200000, 1200000, 1200000, 1200000, 1200000, 1200000, 1200000, 1200000, 1200000, 1200000, 26060683467, 27851729358
Sun Apr  9 12:51:49 2023, 1.858552, ipdefaultcomm, 1200000, 1200000, 1200000, 1200000, 1200000, 1200000, 1200000, 1200000, 1200000, 1200000, 1200000, 1200000, 1200000, 1200000, 1200000, 1200000, 1200000, 1200000, 1200000, 1200000, 1200000, 1200000, 1200000, 1200000, 28672667381, 32901567871
Sun Apr  9 12:53:45 2023, 16.790612, ipio, 1200000, 1200000, 1200000, 1200000, 1200000, 1200000, 1200000, 1200000, 1200000, 1200000, 1200000, 1200000, 1200000, 1200000, 1200000, 1200000, 1200000, 1200000, 1200000, 1200000, 1200000, 1200000, 1200000, 1200000, 33890562104, 34612626784
Sun Apr  9 12:54:16 2023, 17.322232, ipio, 1200000, 1200000, 1200000, 1200000, 1200000, 1200000, 1200000, 1200000, 1200000, 1200000, 1200000, 1200000, 1200000, 1200000, 1200000, 1200000, 1200000, 1200000, 1200000, 1200000, 1200000, 1200000, 1200000, 1200000, 34660028274, 35343137487
Sun Apr  9 12:54:48 2023, 16.370198, ipio, 1200000, 1200000, 1200000, 1200000, 1200000, 1200000, 1200000, 1200000, 1200000, 1200000, 1200000, 1200000, 1200000, 1200000, 1200000, 1200000, 1200000, 1200000, 1200000, 1200000, 1200000, 1200000, 1200000, 1200000, 35398087298, 36100116079
Sun Apr  9 12:55:20 2023, 16.854565, ipio, 1200000, 1200000, 1200000, 1200000, 1200000, 1200000, 1200000, 1200000, 1200000, 1200000, 1200000, 1200000, 1200000, 1200000, 1200000, 1200000, 1200000, 1200000, 1200000, 1200000, 1200000, 1200000, 1200000, 1200000, 36148740161, 36848238798
Sun Apr  9 12:55:52 2023, 17.007459, ipio, 1200000, 1200000, 1200000, 1200000, 1200000, 1200000, 1200000, 1200000, 1200000, 1200000, 1200000, 1200000, 1200000, 1200000, 1200000, 1200000, 1200000, 1200000, 1200000, 1200000, 1200000, 1200000, 1200000, 1200000, 36903340463, 37596825077
Sun Apr  9 12:56:23 2023, 16.628893, ipio, 1200000, 1200000, 1200000, 1200000, 1200000, 1200000, 1200000, 1200000, 1200000, 1200000, 1200000, 1200000, 1200000, 1200000, 1200000, 1200000, 1200000, 1200000, 1200000, 1200000, 1200000, 1200000, 1200000, 1200000, 37645119692, 38332635815
Sun Apr  9 12:56:52 2023, 15.300813, ipio, 1200000, 1200000, 1200000, 1200000, 1200000, 1200000, 1200000, 1200000, 1200000, 1200000, 1200000, 1200000, 1200000, 1200000, 1200000, 1200000, 1200000, 1200000, 1200000, 1200000, 1200000, 1200000, 1200000, 1200000, 38388047722, 39052160829
Sun Apr  9 12:57:21 2023, 16.017690, ipio, 1200000, 1200000, 1200000, 1200000, 1200000, 1200000, 1200000, 1200000, 1200000, 1200000, 1200000, 1200000, 1200000, 1200000, 1200000, 1200000, 1200000, 1200000, 1200000, 1200000, 1200000, 1200000, 1200000, 1200000, 39101086302, 39767297182
Sun Apr  9 12:57:50 2023, 16.127759, ipio, 1200000, 1200000, 1200000, 1200000, 1200000, 1200000, 1200000, 1200000, 1200000, 1200000, 1200000, 1200000, 1200000, 1200000, 1200000, 1200000, 1200000, 1200000, 1200000, 1200000, 1200000, 1200000, 1200000, 1200000, 39815885009, 40475886432
Sun Apr  9 12:58:25 2023, 17.497490, ipio, 1200000, 1200000, 1200000, 1200000, 1200000, 1200000, 1200000, 1200000, 1200000, 1200000, 1200000, 1200000, 1200000, 1200000, 1200000, 1200000, 1200000, 1200000, 1200000, 1200000, 1200000, 1200000, 1200000, 1200000, 40560106798, 41253907939
Sun Apr  9 13:26:18 2023, 1.269953, ipcomm, 2400000, 1200000, 1200000, 1200000, 1200000, 1200000, 1200000, 1200000, 1200000, 1200000, 1200000, 1200000, 1200000, 1200000, 1200000, 1200000, 1200000, 1200000, 1200000, 1200000, 1200000, 1200000, 1200000, 1200000, 56754871919, 60722911016
Sun Apr  9 13:32:37 2023, 1.308453, ipcomm, 2400000, 1200000, 1200000, 1200000, 1200000, 1200000, 1200000, 1200000, 1200000, 1200000, 1200000, 1200000, 1200000, 1200000, 1200000, 1200000, 1200000, 1200000, 1200000, 1200000, 1200000, 1200000, 1200000, 1200000, 60894838981, 65301445254
Sun Apr  9 14:08:15 2023, 1.270698, ipcomm, 2400000, 1200000, 1200000, 1200000, 1200000, 1200000, 1200000, 1200000, 1200000, 1200000, 1200000, 1200000, 1200000, 1200000, 1200000, 1200000, 1200000, 1200000, 1200000, 1200000, 1200000, 1200000, 1200000, 1200000, 85858922168, 89896188139
Sun Apr  9 14:16:05 2023, 1.269206, ipcomm, 2400000, 1200000, 1200000, 1200000, 1200000, 1200000, 1200000, 1200000, 1200000, 1200000, 1200000, 1200000, 1200000, 1200000, 1200000, 1200000, 1200000, 1200000, 1200000, 1200000, 1200000, 1200000, 1200000, 1200000, 91506522273, 95336921952
Sun Apr  9 14:28:22 2023, 1.875985, ipdefaultcomm, 2400000, 1200000, 1200000, 1200000, 1200000, 1200000, 1200000, 1200000, 1200000, 1200000, 1200000, 1200000, 1200000, 1200000, 1200000, 1200000, 1200000, 1200000, 1200000, 1200000, 1200000, 1200000, 1200000, 1200000, 99802843197, 104197389259
Sun Apr  9 14:34:10 2023, 1.825587, ipdefaultcomm, 2400000, 1200000, 1200000, 1200000, 1200000, 1200000, 1200000, 1200000, 1200000, 1200000, 1200000, 1200000, 1200000, 1200000, 1200000, 1200000, 1200000, 1200000, 1200000, 1200000, 1200000, 1200000, 1200000, 1200000, 104226198329, 108414115952
Sun Apr  9 14:39:53 2023, 1.841596, ipdefaultcomm, 2400000, 1200000, 1200000, 1200000, 1200000, 1200000, 1200000, 1200000, 1200000, 1200000, 1200000, 1200000, 1200000, 1200000, 1200000, 1200000, 1200000, 1200000, 1200000, 1200000, 1200000, 1200000, 1200000, 1200000, 108443246371, 112543900607
Sun Apr  9 14:45:35 2023, 1.828665, ipdefaultcomm, 2400000, 1200000, 1200000, 1200000, 1200000, 1200000, 1200000, 1200000, 1200000, 1200000, 1200000, 1200000, 1200000, 1200000, 1200000, 1200000, 1200000, 1200000, 1200000, 1200000, 1200000, 1200000, 1200000, 1200000, 112573196125, 116705419983
Sun Apr  9 14:51:26 2023, 1.847654, ipdefaultcomm, 2400000, 1200000, 1200000, 1200000, 1200000, 1200000, 1200000, 1200000, 1200000, 1200000, 1200000, 1200000, 1200000, 1200000, 1200000, 1200000, 1200000, 1200000, 1200000, 1200000, 1200000, 1200000, 1200000, 1200000, 116731954095, 120958847449
Sun Apr  9 14:57:05 2023, 1.821896, ipdefaultcomm, 2400000, 1200000, 1200000, 1200000, 1200000, 1200000, 1200000, 1200000, 1200000, 1200000, 1200000, 1200000, 1200000, 1200000, 1200000, 1200000, 1200000, 1200000, 1200000, 1200000, 1200000, 1200000, 1200000, 1200000, 120984958283, 124998297068
Sun Apr  9 15:03:17 2023, 1.861715, ipdefaultcomm, 2400000, 1200000, 1200000, 1200000, 1200000, 1200000, 1200000, 1200000, 1200000, 1200000, 1200000, 1200000, 1200000, 1200000, 1200000, 1200000, 1200000, 1200000, 1200000, 1200000, 1200000, 1200000, 1200000, 1200000, 125027290952, 129459902529
Sun Apr  9 15:09:03 2023, 1.864088, ipdefaultcomm, 2400000, 1200000, 1200000, 1200000, 1200000, 1200000, 1200000, 1200000, 1200000, 1200000, 1200000, 1200000, 1200000, 1200000, 1200000, 1200000, 1200000, 1200000, 1200000, 1200000, 1200000, 1200000, 1200000, 1200000, 129487043329, 133650858109
Sun Apr  9 15:14:41 2023, 1.888383, ipdefaultcomm, 2400000, 1200000, 1200000, 1200000, 1200000, 1200000, 1200000, 1200000, 1200000, 1200000, 1200000, 1200000, 1200000, 1200000, 1200000, 1200000, 1200000, 1200000, 1200000, 1200000, 1200000, 1200000, 1200000, 1200000, 133678139045, 137762362964
Sun Apr  9 15:20:38 2023, 1.852135, ipdefaultcomm, 2400000, 1200000, 1200000, 1200000, 1200000, 1200000, 1200000, 1200000, 1200000, 1200000, 1200000, 1200000, 1200000, 1200000, 1200000, 1200000, 1200000, 1200000, 1200000, 1200000, 1200000, 1200000, 1200000, 1200000, 137789981790, 142035537633
Sun Apr  9 15:44:19 2023, 1.263627, ipcomm, 2400000, 1200000, 1200000, 1200000, 1200000, 1200000, 1200000, 1200000, 1200000, 1200000, 1200000, 1200000, 1200000, 1200000, 1200000, 1200000, 1200000, 1200000, 1200000, 1200000, 1200000, 1200000, 1200000, 1200000, 154470924133, 158398042559
Sun Apr  9 15:50:19 2023, 1.277958, ipcomm, 2400000, 2400000, 2400000, 2400000, 2400000, 2400000, 2400000, 2400000, 2400000, 2400000, 2400000, 1200000, 2400000, 1200000, 1200000, 1200000, 2400000, 2400000, 2400000, 2400000, 2400000, 2400000, 2400000, 2400000, 158450739750, 162684969877
Sun Apr  9 15:55:58 2023, 1.271219, ipcomm, 2400000, 2400000, 2400000, 2400000, 2400000, 2400000, 2400000, 2400000, 2400000, 2400000, 2400000, 1200000, 2400000, 1200000, 1200000, 1200000, 2400000, 2400000, 2400000, 2400000, 2400000, 2400000, 2400000, 2400000, 162736485615, 166674935371
Sun Apr  9 16:02:12 2023, 1.317889, ipcomm, 2400000, 2400000, 2400000, 2400000, 2400000, 2400000, 2400000, 2400000, 2400000, 2400000, 2400000, 1200000, 2400000, 1200000, 1200000, 1200000, 2400000, 2400000, 2400000, 2400000, 2400000, 2400000, 2400000, 2400000, 166724813967, 171058061662
Sun Apr  9 16:07:42 2023, 1.254597, ipcomm, 2400000, 2400000, 2400000, 2400000, 2400000, 2400000, 2400000, 2400000, 2400000, 2400000, 2400000, 1200000, 2400000, 1200000, 1200000, 1200000, 2400000, 2400000, 2400000, 2400000, 2400000, 2400000, 2400000, 2400000, 171104272054, 174938363863
Sun Apr  9 16:13:40 2023, 1.273032, ipcomm, 2400000, 2400000, 2400000, 2400000, 2400000, 2400000, 2400000, 2400000, 2400000, 2400000, 2400000, 1200000, 2400000, 1200000, 1200000, 1200000, 2400000, 2400000, 2400000, 2400000, 2400000, 2400000, 2400000, 2400000, 174985273533, 179209894492
Sun Apr  9 16:19:27 2023, 1.287171, ipcomm, 2400000, 2400000, 2400000, 2400000, 2400000, 2400000, 2400000, 2400000, 2400000, 2400000, 2400000, 1200000, 2400000, 1200000, 1200000, 1200000, 2400000, 2400000, 2400000, 2400000, 2400000, 2400000, 2400000, 2400000, 179262898324, 183352726660
Sun Apr  9 16:25:16 2023, 1.271872, ipcomm, 2400000, 2400000, 2400000, 2400000, 2400000, 2400000, 2400000, 2400000, 2400000, 2400000, 2400000, 1200000, 2400000, 1200000, 1200000, 1200000, 2400000, 2400000, 2400000, 2400000, 2400000, 2400000, 2400000, 2400000, 183404672206, 187552294278
Sun Apr  9 16:31:21 2023, 1.297719, ipcomm, 2400000, 2400000, 2400000, 2400000, 2400000, 2400000, 2400000, 2400000, 2400000, 2400000, 2400000, 1200000, 2400000, 1200000, 1200000, 1200000, 2400000, 2400000, 2400000, 2400000, 2400000, 2400000, 2400000, 2400000, 187605300796, 191851892707
Sun Apr  9 16:36:55 2023, 1.271721, ipcomm, 2400000, 2400000, 2400000, 2400000, 2400000, 2400000, 2400000, 2400000, 2400000, 2400000, 2400000, 1200000, 2400000, 1200000, 1200000, 1200000, 2400000, 2400000, 2400000, 2400000, 2400000, 2400000, 2400000, 2400000, 191906773121, 195841177966
Sun Apr  9 16:50:46 2023, 1.900678, ipdefaultcomm, 1200000, 1200000, 1200000, 1200000, 1200000, 1200000, 1200000, 1200000, 1200000, 1200000, 1200000, 1200000, 1200000, 1200000, 1200000, 1200000, 1200000, 1200000, 1200000, 1200000, 1200000, 1200000, 1200000, 1200000, 201324955493, 205524463419
Sun Apr  9 17:04:25 2023, 2.187807, ipcomm, 2400000, 1200000, 1200000, 1200000, 1200000, 1200000, 1200000, 1200000, 1200000, 1200000, 1200000, 1200000, 1200000, 1200000, 1200000, 1200000, 1200000, 1200000, 1200000, 1200000, 1200000, 1200000, 1200000, 1200000, 212727628267, 215145363288
Sun Apr  9 17:07:42 2023, 2.176911, ipcomm, 2400000, 1200000, 1200000, 1200000, 1200000, 1200000, 1200000, 1200000, 1200000, 1200000, 1200000, 1200000, 1200000, 1200000, 1200000, 1200000, 1200000, 1200000, 1200000, 1200000, 1200000, 1200000, 1200000, 1200000, 215218625918, 217579861329
Sun Apr  9 17:11:25 2023, 2.218819, ipcomm, 2400000, 1200000, 1200000, 1200000, 1200000, 1200000, 1200000, 1200000, 1200000, 1200000, 1200000, 1200000, 1200000, 1200000, 1200000, 1200000, 1200000, 1200000, 1200000, 1200000, 1200000, 1200000, 1200000, 1200000, 217651721984, 220309923248
Sun Apr  9 17:16:07 2023, 1.627615, ipcomm, 2400000, 1200000, 1200000, 1200000, 1200000, 1200000, 1200000, 1200000, 1200000, 1200000, 1200000, 1200000, 1200000, 1200000, 1200000, 1200000, 1200000, 1200000, 1200000, 1200000, 1200000, 1200000, 1200000, 1200000, 220383367213, 223660861874
Sun Apr  9 17:22:08 2023, 1.284238, ipcomm, 2400000, 1200000, 1200000, 1200000, 1200000, 1200000, 1200000, 1200000, 1200000, 1200000, 1200000, 1200000, 1200000, 1200000, 1200000, 1200000, 1200000, 1200000, 1200000, 1200000, 1200000, 1200000, 1200000, 1200000, 223732892818, 227857258236
Sun Apr  9 17:28:15 2023, 1.290069, ipcomm, 2400000, 1200000, 1200000, 1200000, 1200000, 1200000, 1200000, 1200000, 1200000, 1200000, 1200000, 1200000, 1200000, 1200000, 1200000, 1200000, 1200000, 1200000, 1200000, 1200000, 1200000, 1200000, 1200000, 1200000, 227929166316, 232128221668
Sun Apr  9 17:34:05 2023, 1.265819, ipcomm, 2400000, 1200000, 1200000, 1200000, 1200000, 1200000, 1200000, 1200000, 1200000, 1200000, 1200000, 1200000, 1200000, 1200000, 1200000, 1200000, 1200000, 1200000, 1200000, 1200000, 1200000, 1200000, 1200000, 1200000, 232197721307, 236202539423
Sun Apr  9 17:39:54 2023, 1.300008, ipcomm, 2400000, 1200000, 1200000, 1200000, 1200000, 1200000, 1200000, 1200000, 1200000, 1200000, 1200000, 1200000, 1200000, 1200000, 1200000, 1200000, 1200000, 1200000, 1200000, 1200000, 1200000, 1200000, 1200000, 1200000, 236274472162, 240295270950
Sun Apr  9 18:19:56 2023, 1.314878, ipcomm, 2400000, 1200000, 1200000, 1200000, 1200000, 1200000, 1200000, 1200000, 1200000, 1200000, 1200000, 1200000, 1200000, 1200000, 1200000, 1200000, 1200000, 1200000, 1200000, 1200000, 1200000, 1200000, 1200000, 1200000, 1762797672, 5796516227
Sun Apr  9 18:26:04 2023, 1.311158, ipcomm, 2400000, 1200000, 1200000, 1200000, 1200000, 1200000, 1200000, 1200000, 1200000, 1200000, 1200000, 1200000, 1200000, 1200000, 1200000, 1200000, 1200000, 1200000, 1200000, 1200000, 1200000, 1200000, 1200000, 1200000, 5863569767, 10074052152
Sun Apr  9 18:32:11 2023, 1.327199, ipcomm, 2400000, 1200000, 1200000, 1200000, 1200000, 1200000, 1200000, 1200000, 1200000, 1200000, 1200000, 1200000, 1200000, 1200000, 1200000, 1200000, 1200000, 1200000, 1200000, 1200000, 1200000, 1200000, 1200000, 1200000, 10146961023, 14371858166
Sun Apr  9 18:37:58 2023, 1.277102, ipcomm, 2400000, 1200000, 1200000, 1200000, 1200000, 1200000, 1200000, 1200000, 1200000, 1200000, 1200000, 1200000, 1200000, 1200000, 1200000, 1200000, 1200000, 1200000, 1200000, 1200000, 1200000, 1200000, 1200000, 1200000, 14444662423, 18475821720
Sun Apr  9 18:43:44 2023, 1.288821, ipcomm, 2400000, 1200000, 1200000, 1200000, 1200000, 1200000, 1200000, 1200000, 1200000, 1200000, 1200000, 1200000, 1200000, 1200000, 1200000, 1200000, 1200000, 1200000, 1200000, 1200000, 1200000, 1200000, 1200000, 1200000, 18565374835, 22502245372
Sun Apr  9 18:49:27 2023, 1.293178, ipcomm, 2400000, 1200000, 1200000, 1200000, 1200000, 1200000, 1200000, 1200000, 1200000, 1200000, 1200000, 1200000, 1200000, 1200000, 1200000, 1200000, 1200000, 1200000, 1200000, 1200000, 1200000, 1200000, 1200000, 1200000, 22575024605, 26509075569
Sun Apr  9 18:55:14 2023, 1.290642, ipcomm, 2400000, 1200000, 1200000, 1200000, 1200000, 1200000, 1200000, 1200000, 1200000, 1200000, 1200000, 1200000, 1200000, 1200000, 1200000, 1200000, 1200000, 1200000, 1200000, 1200000, 1200000, 1200000, 1200000, 1200000, 26581969913, 30601736295
Sun Apr  9 19:01:33 2023, 1.296759, ipcomm, 2400000, 1200000, 1200000, 1200000, 1200000, 1200000, 1200000, 1200000, 1200000, 1200000, 1200000, 1200000, 1200000, 1200000, 1200000, 1200000, 1200000, 1200000, 1200000, 1200000, 1200000, 1200000, 1200000, 1200000, 30673302518, 35079638162
Sun Apr  9 19:07:07 2023, 1.270973, ipcomm, 2400000, 1200000, 1200000, 1200000, 1200000, 1200000, 1200000, 1200000, 1200000, 1200000, 1200000, 1200000, 1200000, 1200000, 1200000, 1200000, 1200000, 1200000, 1200000, 1200000, 1200000, 1200000, 1200000, 1200000, 35149053023, 38979637150
Sun Apr  9 19:13:08 2023, 1.294405, ipcomm, 2400000, 1200000, 1200000, 1200000, 1200000, 1200000, 1200000, 1200000, 1200000, 1200000, 1200000, 1200000, 1200000, 1200000, 1200000, 1200000, 1200000, 1200000, 1200000, 1200000, 1200000, 1200000, 1200000, 1200000, 39051407474, 43196831798
