,name,height,weight,bmi
0,Spongebob,1.67,54,19.362472659471475
1,Patrick,1.9,100,27.70083102493075
2,Squidward,0.2,1,24.999999999999996
